,x,y,z,conf
0,248.242,62,-649.154,218.0
1,210.75,62,-648.621,226.0
2,174.086,63,-646.988,232.0
3,138.748,63,-645.251,230.0
4,104.365,63,-643.593,232.0
5,70.845,63,-643.11,230.0
6,37.706,63,-641.893,232.0
7,4.9,63,-641.981,230.0
8,-27.774,63,-639.397,232.0
9,-60.549,63,-639.138,230.0
10,-93.37,63,-637.195,228.0
11,-126.54,63,-635.525,230.0
12,-160.515,63,-635.027,230.0
13,-194.765,63,-632.701,232.0
14,-230.621,63,-632.252,230.0
15,-266.78,63,-629.829,232.0
16,-304.589,63,-628.036,230.0
17,-343.853,63,-625.748,230.0
18,-386.281,63,-625.309,230.0
19,-427.822,63,-619.659,230.0
20,-476.465,63,-620.085,230.0
21,-490.152,63,-342.571,214.0
22,252.403,64,-649.694,230.0
23,214.477,64,-648.451,230.0
24,177.615,64,-646.029,230.0
25,142.432,64,-645.472,232.0
26,108.27,64,-645.99,232.0
27,74.201,64,-642.731,232.0
28,41.006,64,-641.691,232.0
29,8.136,64,-640.948,230.0
30,-24.588,64,-639.527,230.0
31,-57.415,64,-639.427,230.0
32,-90.295,64,-637.638,230.0
33,-123.422,65,-636.138,232.0
34,-156.919,65,-633.865,232.0
35,-191.371,65,-632.691,230.0
36,-226.782,65,-631.515,232.0
37,-263.719,65,-631.117,232.0
38,-301.194,65,-628.563,232.0
39,-340.512,65,-626.435,232.0
40,-381.422,65,-623.601,230.0
41,-425.164,65,-621.486,232.0
42,-470.863,65,-618.075,232.0
43,211.686,65,-648.316,228.0
44,175.072,65,-646.722,230.0
45,139.819,65,-646.043,230.0
46,105.1,65,-643.473,230.0
47,71.457,65,-643.042,232.0
48,38.136,65,-640.866,230.0
49,5.25,65,-639.978,232.0
50,-27.247,65,-639.42,230.0
51,-60.103,65,-639.18,230.0
52,-92.861,65,-636.259,230.0
53,-126.257,65,-635.581,232.0
54,-160.314,65,-635.078,232.0
55,-194.351,65,-631.782,230.0
56,-230.521,65,-632.289,232.0
57,-266.85,65,-629.799,230.0
58,-305.265,65,-628.82,230.0
59,-344.26,65,-625.525,230.0
60,-386.33,65,-624.103,230.0
61,-430.836,65,-622.438,230.0
62,-477.458,66,-619.321,232.0
63,202.113,66,-647.174,202.0
64,166.115,66,-647.016,224.0
65,130.871,66,-645.874,222.0
66,96.336,66,-643.833,230.0
67,62.365,67,-642.983,230.0
68,29.133,67,-641.339,230.0
69,-3.778,67,-639.989,232.0
70,-36.588,67,-638.953,230.0
71,-69.518,67,-638.225,230.0
72,-102.787,67,-637.77,230.0
73,-136.401,67,-636.55,232.0
74,-170.417,67,-634.513,232.0
75,-205.195,67,-632.55,232.0
76,-240.928,67,-630.538,230.0
77,-278.198,67,-629.245,232.0
78,-317.308,67,-628.436,230.0
79,-357.058,67,-625.228,230.0
80,-399.383,67,-622.972,230.0
81,-444.13,67,-620.417,230.0
82,-492.12,67,-617.995,228.0
83,258.505,67,-649.443,224.0
84,219.947,67,-647.672,226.0
85,183.358,67,-647.541,224.0
86,147.003,67,-645.472,232.0
87,112.491,67,-645.268,232.0
88,78.39,67,-643.241,232.0
89,45.075,67,-643.423,232.0
90,11.948,67,-641.889,230.0
91,-20.935,67,-639.658,230.0
92,-53.894,67,-639.734,230.0
93,-87.05,67,-639.099,230.0
94,-120.096,67,-635.756,230.0
95,-153.971,67,-634.588,232.0
96,-188.609,67,-633.52,230.0
97,-223.871,67,-631.492,230.0
98,-260.44,68,-630.313,232.0
99,-297.98,68,-627.88,232.0
100,-338.314,68,-627.625,230.0
101,-378.863,68,-623.99,230.0
102,-422.716,68,-621.944,230.0
103,-468.531,68,-618.591,232.0
104,231.013,68,-649.118,232.0
105,194.202,68,-649.592,230.0
106,157.487,68,-646.083,232.0
107,122.587,68,-645.462,230.0
108,88.443,68,-644.964,232.0
109,54.676,68,-642.678,230.0
110,21.479,68,-641.641,230.0
111,-11.484,68,-639.897,230.0
112,-44.35,68,-638.461,230.0
113,-77.34,68,-637.324,232.0
114,-110.844,68,-637.434,230.0
115,-144.339,68,-634.797,232.0
116,-179.101,68,-634.196,230.0
117,-214.019,68,-631.732,232.0
118,-250.258,68,-630.123,230.0
119,-287.72,68,-628.25,232.0
120,-327.486,68,-627.708,232.0
121,-367.936,68,-624.699,232.0
122,-410.572,68,-621.656,230.0
123,-456.211,68,-619.057,232.0
124,199.298,69,-648.047,230.0
125,163.218,69,-647.753,230.0
126,127.898,69,-646.47,232.0
127,93.291,69,-644.281,232.0
128,59.529,69,-643.251,230.0
129,26.162,69,-641.467,232.0
130,-6.885,69,-639.963,232.0
131,-39.956,69,-640.755,232.0
132,-72.899,69,-637.848,230.0
133,-106.065,70,-637.233,230.0
134,-139.722,70,-635.829,232.0
135,-173.777,70,-633.601,232.0
136,-208.908,70,-632.387,232.0
137,-244.728,70,-630.146,232.0
138,-282.088,70,-628.608,230.0
139,-320.833,70,-626.644,230.0
140,-362.106,70,-625.786,230.0
141,-404.112,70,-622.3,230.0
142,-449.037,70,-619.347,232.0
143,202.472,74,-649.157,230.0
144,166.003,74,-648.077,230.0
145,130.389,74,-645.972,232.0
146,95.881,74,-644.912,232.0
147,61.927,74,-643.025,232.0
148,28.512,74,-641.367,230.0
149,-4.58,74,-639.984,230.0
150,-37.845,75,-638.88,230.0
151,-70.865,75,-638.077,228.0
152,-104.224,75,-637.537,232.0
153,-137.926,75,-636.221,230.0
154,-172.027,75,-634.079,232.0
155,-206.891,75,-631.998,230.0
156,-242.708,75,-629.855,230.0
157,-280.471,75,-629.331,232.0
158,-319.261,75,-627.446,232.0
159,-359.08,75,-624.069,230.0
160,-401.545,75,-621.58,230.0
161,-447.016,75,-619.575,232.0
162,-496.465,75,-618.362,222.0
163,202.493,79,-649.151,230.0
164,165.931,79,-648.095,230.0
165,130.423,79,-646.985,232.0
166,95.625,79,-644.95,232.0
167,61.675,79,-644.054,232.0
168,28.004,79,-641.389,228.0
169,-5.024,79,-640.98,228.0
170,-37.936,79,-638.875,228.0
171,-70.976,79,-638.065,232.0
172,-104.356,79,-637.515,230.0
173,-138.077,79,-636.188,232.0
174,-172.198,79,-634.032,232.0
175,-207.081,79,-631.935,232.0
176,-242.918,79,-629.774,232.0
177,-280.701,79,-629.228,232.0
178,-319.51,79,-627.319,230.0
179,-359.347,79,-623.915,230.0
180,-402.818,80,-623.139,230.0
181,-446.607,80,-618.636,228.0
182,-497.229,80,-619.031,218.0
183,200.834,83,-649.666,220.0
184,164.081,83,-647.535,214.0
185,128.677,83,-646.315,230.0
186,93.976,84,-644.181,230.0
187,60.161,84,-643.193,230.0
188,26.742,84,-641.443,230.0
189,-6.357,84,-639.968,230.0
190,-39.355,84,-638.789,232.0
191,-72.474,84,-637.896,228.0
192,-105.933,84,-637.255,232.0
193,-139.732,84,-635.827,232.0
194,-173.928,84,-633.56,232.0
195,-209.199,84,-632.291,232.0
196,-245.883,84,-631.843,232.0
197,-282.656,84,-628.352,230.0
198,-321.906,84,-626.093,232.0
199,-363.257,84,-625.119,230.0
200,-405.336,84,-621.504,230.0
201,-452.099,84,-620.83,230.0
202,230.488,88,-649.305,230.0
203,193.47,88,-649.81,230.0
204,156.482,89,-646.327,232.0
205,121.235,89,-644.7,232.0
206,87.112,89,-645.145,232.0
207,53.269,89,-643.8,230.0
208,19.83,89,-641.694,230.0
209,-13.291,89,-639.862,230.0
210,-46.46,89,-640.317,232.0
211,-79.463,89,-637.063,230.0
212,-112.954,89,-636.048,232.0
213,-147.001,89,-635.212,232.0
214,-181.81,89,-634.464,232.0
215,-217.253,89,-632.742,232.0
216,-253.191,89,-631.106,232.0
217,-290.88,89,-628.998,230.0
218,-329.943,89,-626.419,230.0
219,-370.519,89,-623.17,230.0
220,-414.39,89,-621.522,230.0
221,-460.239,89,-618.564,230.0
222,216.13,94,-648.956,230.0
223,179.296,94,-648.677,232.0
224,142.862,94,-645.377,232.0
225,108.25,94,-645.993,232.0
226,73.846,94,-643.779,232.0
227,40.214,94,-643.745,230.0
228,6.784,94,-641.964,230.0
229,-26.395,94,-639.455,230.0
230,-59.667,94,-639.221,230.0
231,-92.986,94,-637.252,230.0
232,-126.65,94,-635.503,230.0
233,-161.12,94,-634.874,230.0
234,-195.869,94,-632.36,232.0
235,-231.995,94,-631.749,230.0
236,-268.568,94,-629.068,232.0
237,-307.229,94,-627.863,228.0
238,-346.946,94,-625.183,230.0
239,-389.303,94,-623.433,230.0
240,-434.091,94,-621.393,230.0
241,-480.283,94,-617.132,232.0
242,196.025,98,-649.044,230.0
243,159.294,98,-646.669,230.0
244,123.908,98,-645.21,232.0
245,89.517,98,-644.816,234.0
246,55.588,98,-643.604,230.0
247,22.059,98,-641.621,232.0
248,-11.149,98,-639.903,230.0
249,-44.259,98,-638.468,230.0
250,-77.492,98,-637.306,228.0
251,-111.066,98,-636.381,232.0
252,-145.336,99,-634.57,230.0
253,-179.6,99,-631.975,230.0
254,-214.949,99,-630.359,232.0
255,-251.717,99,-629.541,232.0
256,-288.965,99,-626.578,230.0
257,-329.357,99,-626.728,232.0
258,-370.005,99,-623.475,232.0
259,-413.946,99,-621.818,230.0
260,-459.866,99,-618.841,232.0
261,208.721,103,-649.276,230.0
262,171.652,103,-647.638,230.0
263,135.736,103,-645.891,230.0
264,100.779,103,-644.164,230.0
265,66.68,103,-643.555,232.0
266,32.918,103,-641.156,232.0
267,-0.418,103,-642.0,232.0
268,-33.647,103,-639.115,230.0
269,-66.996,103,-638.495,230.0
270,-100.5,103,-638.135,230.0
271,-134.204,103,-635.995,232.0
272,-168.468,103,-633.999,230.0
273,-203.8,103,-633.001,232.0
274,-239.472,103,-630.023,230.0
275,-277.389,103,-629.602,232.0
276,-315.89,103,-626.911,230.0
277,-356.324,103,-624.495,230.0
278,-399.491,103,-622.902,230.0
279,-444.583,103,-620.093,232.0
280,-493.538,103,-618.144,228.0
281,215.111,107,-649.294,212.0
282,178.153,107,-648.992,232.0
283,141.602,107,-645.655,230.0
284,106.866,107,-646.223,232.0
285,72.344,107,-643.949,230.0
286,38.59,107,-643.845,232.0
287,5.042,107,-641.98,232.0
288,-28.251,107,-639.376,232.0
289,-61.31,109,-639.066,230.0
290,-94.79,109,-637.997,230.0
291,-128.324,109,-635.167,232.0
292,-162.811,109,-634.443,232.0
293,-197.564,109,-631.833,232.0
294,-233.868,109,-631.058,232.0
295,-270.613,109,-628.192,232.0
296,-309.448,109,-626.772,232.0
297,-349.334,109,-623.851,230.0
298,-391.861,109,-621.828,230.0
299,-436.818,109,-619.479,230.0
300,-485.02,109,-617.236,230.0
301,217.716,113,-648.426,230.0
302,180.757,113,-648.272,230.0
303,144.629,113,-647.033,230.0
304,109.459,113,-645.789,232.0
305,74.929,113,-643.653,232.0
306,41.046,113,-641.689,230.0
307,7.619,113,-641.955,230.0
308,-25.908,113,-639.475,230.0
309,-59.18,113,-639.267,230.0
310,-92.644,113,-638.312,230.0
311,-126.166,113,-635.599,230.0
312,-160.146,113,-633.058,230.0
313,-195.082,113,-631.557,230.0
314,-231.664,113,-631.871,232.0
315,-268.399,113,-629.141,230.0
316,-306.779,113,-626.969,230.0
317,-346.61,113,-624.226,230.0
318,-389.609,113,-623.241,230.0
319,-434.554,113,-621.069,230.0
320,-480.802,114,-616.728,230.0
321,219.176,117,-647.934,224.0
322,182.083,117,-647.9,230.0
323,145.82,117,-646.766,230.0
324,110.514,117,-645.609,232.0
325,75.731,117,-642.553,232.0
326,41.96,117,-643.634,232.0
327,8.291,118,-641.946,230.0
328,-24.964,118,-639.513,230.0
329,-58.217,118,-638.351,230.0
330,-91.844,118,-638.428,232.0
331,-125.44,118,-635.743,230.0
332,-159.981,118,-635.162,230.0
333,-194.501,118,-631.736,232.0
334,-230.466,118,-630.18,232.0
335,-267.959,118,-629.328,230.0
336,-306.411,118,-627.149,230.0
337,-346.313,118,-624.391,232.0
338,-389.382,118,-623.383,230.0
339,-433.873,119,-620.325,230.0
340,-480.792,119,-616.736,232.0
341,257.185,122,-649.967,218.0
342,218.22,122,-648.256,232.0
343,181.22,122,-648.142,230.0
344,144.612,122,-644.987,230.0
345,109.838,122,-645.725,232.0
346,75.266,122,-643.614,230.0
347,40.549,123,-642.722,230.0
348,7.13,123,-641.96,228.0
349,-26.1,123,-639.468,228.0
350,-59.424,123,-639.244,230.0
351,-92.794,123,-637.28,232.0
352,-126.509,123,-635.531,230.0
353,-160.537,123,-632.959,230.0
354,-195.523,123,-631.42,232.0
355,-232.155,123,-631.691,232.0
356,-268.937,123,-628.911,232.0
357,-307.806,123,-627.58,230.0
358,-347.73,123,-624.747,230.0
359,-390.252,123,-622.839,230.0
360,-435.214,123,-620.607,230.0
361,-482.19,123,-616.913,228.0
362,216.223,127,-648.925,224.0
363,179.234,127,-648.694,224.0
364,142.647,127,-645.425,230.0
365,107.881,127,-646.055,230.0
366,73.243,128,-643.847,232.0
367,39.325,128,-640.794,230.0
368,5.97,128,-640.972,232.0
369,-27.298,128,-639.418,230.0
370,-60.671,128,-639.127,232.0
371,-94.234,128,-638.079,230.0
372,-127.85,128,-635.262,232.0
373,-162.419,128,-634.543,232.0
374,-197.253,128,-631.93,232.0
375,-233.638,128,-631.144,232.0
376,-270.463,128,-628.256,232.0
377,-309.379,128,-626.806,232.0
378,-349.255,128,-623.896,232.0
379,-391.842,128,-621.84,232.0
380,-436.857,128,-619.451,230.0
381,-485.118,128,-617.159,228.0
382,211.027,132,-648.53,224.0
383,173.83,132,-647.057,218.0
384,137.994,132,-646.435,226.0
385,102.782,132,-643.848,232.0
386,68.579,132,-643.355,230.0
387,34.708,132,-641.061,232.0
388,1.271,132,-640.999,230.0
389,-32.065,132,-639.196,228.0
390,-65.517,132,-638.648,230.0
391,-99.151,132,-637.334,232.0
392,-133.235,132,-636.198,230.0
393,-167.468,132,-633.229,232.0
394,-202.972,132,-632.217,232.0
395,-239.172,132,-630.137,230.0
396,-277.31,132,-629.638,230.0
397,-315.641,133,-627.037,230.0
398,-355.72,133,-623.689,230.0
399,-399.521,133,-622.883,230.0
400,-444.75,133,-619.973,230.0
401,-493.217,133,-617.12,230.0
402,241.859,137,-649.425,214.0
403,203.78,137,-648.748,224.0
404,166.939,137,-647.837,224.0
405,130.707,137,-645.908,232.0
406,95.723,137,-643.924,230.0
407,61.59,137,-643.057,230.0
408,27.851,137,-641.396,230.0
409,-5.565,137,-639.976,230.0
410,-38.878,137,-638.818,230.0
411,-72.312,137,-637.915,232.0
412,-106.085,137,-637.23,230.0
413,-140.196,137,-635.725,230.0
414,-174.702,137,-633.347,230.0
415,-209.967,137,-630.983,230.0
416,-246.547,137,-629.437,232.0
417,-284.191,138,-627.66,232.0
418,-323.316,138,-625.366,232.0
419,-364.972,138,-624.119,230.0
420,-407.345,138,-620.188,228.0
421,-455.002,138,-619.947,222.0
422,232.557,142,-648.566,218.0
423,194.996,142,-648.31,228.0
424,158.299,142,-646.914,232.0
425,122.513,142,-644.458,232.0
426,88.095,142,-645.012,230.0
427,53.954,142,-643.743,232.0
428,20.217,142,-641.682,232.0
429,-13.2,142,-639.864,230.0
430,-46.518,142,-638.307,232.0
431,-79.959,142,-637.001,230.0
432,-113.741,142,-635.908,232.0
433,-148.079,142,-634.962,230.0
434,-182.901,142,-633.11,232.0
435,-218.909,142,-632.171,232.0
436,-255.456,142,-629.113,230.0
437,-293.731,142,-627.671,232.0
438,-333.471,142,-625.682,230.0
439,-375.324,142,-623.792,230.0
440,-418.414,142,-620.027,230.0
441,-465.707,142,-618.218,232.0
442,220.091,147,-647.623,226.0
443,183.404,147,-648.567,232.0
444,146.887,147,-646.524,230.0
445,111.6,147,-645.423,232.0
446,76.832,147,-642.422,232.0
447,42.95,147,-641.564,230.0
448,9.412,147,-641.931,230.0
449,-24.01,147,-639.549,230.0
450,-57.337,147,-637.426,230.0
451,-90.933,147,-636.538,230.0
452,-124.976,147,-635.834,230.0
453,-159.679,147,-635.238,232.0
454,-194.361,147,-631.779,232.0
455,-230.376,147,-630.213,232.0
456,-267.959,147,-629.328,232.0
457,-306.501,147,-627.106,228.0
458,-346.491,147,-624.292,230.0
459,-389.119,147,-622.369,232.0
460,-481.252,147,-616.377,232.0
461,246.346,151,-649.876,224.0
462,209.277,152,-649.097,230.0
463,171.847,152,-646.552,230.0
464,136.085,152,-645.818,232.0
465,101.024,152,-644.126,232.0
466,66.72,152,-642.545,230.0
467,32.959,152,-641.153,230.0
468,-0.477,152,-640.0,230.0
469,-33.809,152,-639.106,230.0
470,-67.259,152,-638.467,232.0
471,-100.89,152,-637.061,228.0
472,-134.556,152,-633.876,232.0
473,-169.453,152,-633.736,232.0
474,-204.305,152,-631.787,232.0
475,-240.401,152,-629.669,232.0
476,-278.438,152,-629.139,232.0
477,-317.504,152,-627.216,230.0
478,-358.099,152,-624.632,230.0
479,-400.884,152,-622.007,230.0
480,-446.087,152,-619.012,230.0
481,-493.902,152,-615.29,226.0
482,242.014,157,-649.368,232.0
483,204.027,157,-648.67,230.0
484,167.278,157,-647.749,230.0
485,131.583,157,-646.75,232.0
486,96.449,157,-643.816,230.0
487,62.365,157,-642.983,230.0
488,28.675,157,-641.359,232.0
489,-4.691,157,-639.983,230.0
490,-37.956,157,-638.873,230.0
491,-71.34,157,-638.024,228.0
492,-105.064,157,-637.399,232.0
493,-138.913,157,-634.983,232.0
494,-173.322,157,-632.689,232.0
495,-208.765,157,-631.381,232.0
496,-244.895,157,-629.008,230.0
497,-282.975,157,-628.209,232.0
498,-322.075,157,-626.006,230.0
499,-363.703,157,-624.859,230.0
500,-451.323,157,-617.683,230.0
501,200.824,161,-649.669,230.0
502,163.876,161,-647.587,232.0
503,128.277,161,-646.395,232.0
504,93.393,161,-644.266,230.0
505,59.355,161,-643.267,232.0
506,25.714,161,-641.485,232.0
507,-7.606,161,-639.955,232.0
508,-40.824,161,-638.697,230.0
509,-74.164,161,-637.702,230.0
510,-107.844,161,-636.935,230.0
511,-141.9,163,-635.347,230.0
512,-176.309,163,-632.901,232.0
513,-211.796,163,-631.426,232.0
514,-247.964,163,-628.88,232.0
515,-285.674,163,-626.986,230.0
516,-325.225,163,-625.503,232.0
517,-366.387,163,-623.289,230.0
518,-410.375,163,-621.786,230.0
519,-455.756,163,-618.151,234.0
520,196.931,166,-648.77,230.0
521,160.555,166,-648.418,230.0
522,124.563,166,-645.084,232.0
523,90.049,166,-644.742,230.0
524,55.996,166,-643.569,230.0
525,22.344,166,-641.611,232.0
526,-10.987,166,-639.906,230.0
527,-44.219,166,-638.471,232.0
528,-77.573,166,-637.296,230.0
529,-111.51,167,-636.303,230.0
530,-145.517,167,-634.528,230.0
531,-179.911,167,-631.887,230.0
532,-215.389,167,-630.209,232.0
533,-252.287,167,-629.313,232.0
534,-290.5,167,-628.071,230.0
535,-330.182,167,-626.294,232.0
536,-415.021,167,-621.101,230.0
537,-461.063,167,-617.95,230.0
538,232.392,171,-648.625,230.0
539,194.872,171,-648.347,232.0
540,158.02,171,-645.953,232.0
541,122.513,171,-644.458,230.0
542,88.136,171,-645.006,232.0
543,53.952,171,-642.74,232.0
544,20.339,171,-641.678,232.0
545,-13.038,171,-639.867,230.0
546,-46.315,171,-638.322,230.0
547,-79.797,172,-637.022,230.0
548,-113.469,172,-635.957,232.0
549,-147.47,172,-634.077,232.0
550,-181.855,172,-631.33,232.0
551,-217.654,172,-630.488,232.0
552,-254.223,172,-628.534,230.0
553,-292.855,172,-628.081,232.0
554,-332.108,172,-625.275,232.0
555,-373.899,172,-623.481,230.0
556,-416.931,172,-619.821,230.0
557,-462.963,172,-616.527,232.0
558,230.941,175,-649.144,224.0
559,193.064,175,-647.844,232.0
560,156.431,175,-646.339,230.0
561,120.856,175,-644.771,230.0
562,86.273,175,-644.249,230.0
563,52.238,175,-643.884,232.0
564,18.476,175,-641.734,232.0
565,-14.967,175,-639.825,232.0
566,-47.986,177,-638.198,230.0
567,-81.313,177,-636.83,230.0
568,-115.16,177,-636.669,230.0
569,-149.207,177,-634.698,228.0
570,-183.915,177,-632.816,232.0
571,-219.811,177,-631.858,232.0
572,-256.472,177,-629.779,230.0
573,-294.349,177,-627.382,232.0
574,-334.066,177,-625.364,230.0
575,-375.898,177,-623.446,228.0
576,-418.965,177,-619.655,232.0
577,-466.236,177,-617.819,232.0
578,226.662,180,-649.591,204.0
579,188.936,180,-648.019,220.0
580,152.685,180,-647.234,232.0
581,117.034,180,-644.46,230.0
582,82.47,180,-642.731,232.0
583,48.633,180,-642.161,230.0
584,15.125,180,-641.822,232.0
585,-18.316,181,-639.738,230.0
586,-51.469,181,-637.927,228.0
587,-84.747,181,-636.382,232.0
588,-118.552,181,-636.046,230.0
589,-152.548,181,-633.903,230.0
590,-187.49,181,-632.809,232.0
591,-223.057,181,-630.719,232.0
592,-259.666,181,-628.469,232.0
593,-297.49,181,-625.898,230.0
594,-379.981,181,-623.309,230.0
595,-424.205,181,-620.93,230.0
596,-470.57,182,-617.041,232.0
597,221.462,186,-648.213,222.0
598,184.289,186,-648.316,224.0
599,147.717,186,-646.335,232.0
600,112.378,186,-645.288,230.0
601,77.555,186,-642.335,232.0
602,43.758,186,-643.514,234.0
603,10.084,186,-641.921,230.0
604,-23.198,186,-639.579,230.0
605,-56.387,186,-637.511,230.0
606,-89.702,186,-635.702,228.0
607,-123.554,186,-635.093,230.0
608,-157.583,186,-632.67,230.0
609,-192.856,186,-632.24,232.0
610,-228.504,186,-629.83,230.0
611,-266.361,186,-630.006,230.0
612,-303.528,186,-625.217,228.0
613,-344.283,186,-624.37,230.0
614,-385.747,186,-620.935,230.0
615,-431.105,187,-619.817,228.0
616,-479.264,187,-617.924,230.0
617,214.049,190,-649.645,228.0
618,176.2,190,-646.416,224.0
619,140.342,190,-645.93,224.0
620,105.18,190,-644.474,230.0
621,70.774,190,-643.117,230.0
622,36.621,191,-640.955,230.0
623,3.249,191,-639.992,228.0
624,-30.016,191,-639.296,230.0
625,-63.398,191,-638.862,230.0
626,-96.816,191,-636.681,230.0
627,-130.58,191,-634.707,230.0
628,-165.156,191,-633.836,232.0
629,-199.989,191,-631.069,230.0
630,-236.731,191,-631.058,232.0
631,-273.202,191,-627.07,230.0
632,-312.121,191,-625.445,228.0
633,-353.56,191,-624.915,230.0
634,-394.915,191,-619.893,230.0
635,-441.079,191,-618.91,228.0
636,-490.033,191,-617.1,232.0
637,243.198,195,-648.925,224.0
638,205.169,195,-648.31,228.0
639,168.378,195,-647.464,218.0
640,132.439,195,-645.555,230.0
641,97.46,195,-643.663,230.0
642,63.039,195,-642.917,230.0
643,29.327,195,-641.33,230.0
644,-4.062,195,-639.987,230.0
645,-37.348,195,-638.909,230.0
646,-70.753,195,-638.089,230.0
647,-104.174,195,-635.519,230.0
648,-138.156,195,-634.125,232.0
649,-172.8,195,-632.832,232.0
650,-208.304,195,-631.533,232.0
651,-244.496,195,-629.164,232.0
652,-282.226,195,-627.449,228.0
653,-361.631,196,-622.594,230.0
654,-405.474,196,-621.414,230.0
655,-450.725,196,-618.119,230.0
656,238.112,200,-649.744,226.0
657,199.822,200,-647.885,202.0
658,163.362,200,-647.717,226.0
659,127.662,200,-646.516,222.0
660,92.851,200,-644.344,230.0
661,58.763,200,-643.322,232.0
662,25.072,200,-641.51,230.0
663,-8.296,200,-639.946,230.0
664,-41.564,200,-638.649,230.0
665,-74.953,200,-637.61,230.0
666,-108.682,200,-636.792,232.0
667,-142.747,200,-635.157,232.0
668,-177.202,200,-632.652,232.0
669,-212.418,200,-630.162,230.0
670,-248.952,200,-628.489,232.0
671,-325.616,201,-624.172,228.0
672,-368.213,201,-624.535,232.0
673,-411.144,201,-621.278,230.0
674,-457.075,201,-618.42,230.0
675,235.171,205,-649.75,226.0
676,197.25,205,-648.673,226.0
677,160.33,205,-646.413,220.0
678,125.024,206,-644.995,232.0
679,90.438,206,-644.687,230.0
680,56.226,206,-642.545,232.0
681,22.589,206,-641.602,232.0
682,-10.814,206,-639.909,230.0
683,-44.117,206,-638.478,228.0
684,-77.542,206,-637.3,230.0
685,-111.309,206,-636.338,230.0
686,-145.406,206,-634.553,230.0
687,-179.891,206,-631.893,232.0
688,-215.459,206,-630.185,232.0
689,-252.446,206,-629.249,232.0
690,-329.646,206,-625.446,232.0
691,-370.836,206,-622.981,230.0
692,-414.298,206,-620.382,230.0
693,-460.847,206,-618.111,232.0
694,232.886,210,-648.448,228.0
695,195.335,210,-648.208,226.0
696,158.061,210,-645.942,230.0
697,122.833,210,-645.415,232.0
698,88.225,210,-643.985,232.0
699,54.268,210,-642.713,232.0
700,20.746,210,-641.665,230.0
701,-12.54,210,-639.877,230.0
702,-45.728,210,-638.364,230.0
703,-79.039,210,-637.116,232.0
704,-112.691,210,-636.095,230.0
705,-146.675,210,-634.261,232.0
706,-181.044,210,-631.563,230.0
707,-216.499,210,-629.829,230.0
708,-253.544,211,-628.808,230.0
709,-331.294,211,-625.706,232.0
710,-370.452,211,-619.717,224.0
711,-415.986,211,-620.455,230.0
712,-461.955,211,-617.283,232.0
713,230.786,215,-649.199,228.0
714,194.204,215,-648.548,230.0
715,157.405,215,-646.103,232.0
716,121.951,215,-644.565,230.0
717,87.49,215,-644.085,230.0
718,53.493,215,-642.778,230.0
719,19.932,215,-641.691,228.0
720,-13.393,215,-639.86,230.0
721,-46.619,215,-638.3,228.0
722,-79.969,215,-637.0,232.0
723,-113.66,215,-635.922,230.0
724,-147.681,215,-634.028,232.0
725,-217.924,216,-630.395,232.0
726,-255.163,216,-630.311,230.0
727,-332.138,216,-625.259,230.0
728,-416.803,216,-619.907,232.0
729,-462.758,216,-616.682,232.0
730,230.9,220,-649.158,232.0
731,193.432,220,-648.778,230.0
732,156.636,220,-646.29,232.0
733,121.184,220,-644.71,232.0
734,86.723,220,-644.189,232.0
735,52.728,220,-642.841,230.0
736,19.138,220,-640.714,230.0
737,-14.154,220,-639.843,230.0
738,-47.379,220,-638.244,230.0
739,-80.727,220,-636.904,230.0
740,-114.417,220,-635.787,230.0
741,-148.435,220,-633.852,230.0
742,-218.684,221,-630.132,232.0
743,-332.892,221,-624.858,230.0
744,-417.55,221,-619.404,230.0
745,-463.501,221,-616.123,230.0
746,270.43,223,-649.987,232.0
747,231.25,223,-649.034,232.0
748,193.771,223,-648.677,232.0
749,156.964,223,-646.21,230.0
750,121.501,223,-644.65,232.0
751,87.03,223,-644.147,230.0
752,53.024,223,-642.817,232.0
753,19.392,223,-639.706,232.0
754,-13.772,223,-634.851,220.0
755,-47.115,223,-638.263,230.0
756,-80.474,223,-636.936,228.0
757,-114.175,223,-635.83,230.0
758,-332.396,225,-625.122,232.0
759,-417.039,225,-619.748,230.0
760,-462.983,225,-616.513,232.0
761,230.786,229,-649.199,230.0
762,193.012,229,-647.86,232.0
763,156.482,229,-646.327,232.0
764,121.01,229,-644.742,230.0
765,86.529,229,-644.215,230.0
766,-47.652,229,-638.224,232.0
767,-81.02,229,-636.867,230.0
768,-114.286,231,-635.81,232.0
769,-332.382,231,-623.996,228.0
770,-417.648,231,-619.337,230.0
771,-465.471,231,-618.395,228.0
772,228.774,236,-648.85,230.0
773,191.022,236,-647.407,230.0
774,154.749,236,-646.744,230.0
775,119.25,236,-645.07,232.0
776,84.74,236,-644.453,232.0
777,13.39,236,-502.822,232.0
778,-12.894,236,-506.836,232.0
779,-49.933,236,-643.064,230.0
780,-83.296,237,-639.599,228.0
781,-116.595,237,-635.391,230.0
782,-421.818,237,-620.136,230.0
783,-468.584,237,-617.296,230.0
784,223.83,240,-649.514,220.0
785,186.098,240,-647.799,230.0
786,149.84,240,-646.873,230.0
787,114.364,240,-644.939,232.0
788,79.87,240,-644.067,232.0
789,9.49,240,-495.909,232.0
790,-16.622,240,-503.726,232.0
791,-54.252,241,-640.707,232.0
792,-87.634,241,-638.01,228.0
793,-121.256,241,-635.536,232.0
794,-301.463,241,-626.215,230.0
795,-427.549,241,-618.632,232.0
796,-474.405,241,-615.361,232.0
797,254.921,244,-649.784,228.0
798,216.285,244,-648.904,224.0
799,178.445,244,-645.8,230.0
800,142.606,244,-645.434,230.0
801,107.788,244,-646.07,230.0
802,73.069,244,-642.861,230.0
803,-21.853,245,-500.523,220.0
804,-61.385,245,-640.063,228.0
805,-94.41,245,-635.02,230.0
806,-128.267,245,-634.158,232.0
807,-309.542,245,-625.61,232.0
808,-437.584,245,-618.938,230.0
809,-484.321,246,-615.241,232.0
810,207.739,250,-647.491,224.0
811,170.832,250,-646.821,226.0
812,134.773,250,-645.071,230.0
813,99.675,250,-643.324,232.0
814,65.435,250,-642.677,232.0
815,-1.19,251,-486.999,228.0
816,-68.368,251,-639.355,230.0
817,-101.534,251,-634.933,228.0
818,-135.471,251,-633.681,230.0
819,-278.962,251,-626.719,228.0
820,-447.618,251,-617.906,230.0
821,235.572,254,-648.541,226.0
822,197.868,254,-648.485,220.0
823,160.581,254,-645.321,228.0
824,125.126,254,-644.975,232.0
825,90.428,254,-644.689,232.0
826,-44.496,254,-634.442,230.0
827,-78.159,254,-637.225,230.0
828,-111.884,254,-636.237,232.0
829,-145.94,254,-634.431,232.0
830,-290.276,254,-625.971,230.0
831,-414.332,254,-619.156,226.0
832,-461.514,254,-617.613,232.0
833,224.397,259,-649.319,228.0
834,186.581,259,-647.66,202.0
835,149.787,259,-644.832,232.0
836,114.681,259,-644.882,230.0
837,79.982,259,-643.045,232.0
838,-55.173,259,-639.625,230.0
839,-88.763,259,-638.863,228.0
840,-122.423,259,-636.331,232.0
841,-156.297,259,-632.989,232.0
842,-301.071,259,-623.073,204.0
843,-428.54,259,-617.946,230.0
844,-477.226,259,-616.973,232.0
845,209.246,264,-649.107,226.0
846,171.776,264,-646.571,218.0
847,135.972,264,-645.842,228.0
848,100.716,264,-643.162,230.0
849,66.731,264,-643.549,232.0
850,-27.803,264,-522.26,210.0
851,-67.723,264,-640.429,228.0
852,-101.026,264,-636.026,230.0
853,-135.512,264,-636.74,230.0
854,-169.567,264,-632.671,232.0
855,-278.297,264,-625.92,232.0
856,-346.475,264,-601.324,210.0
857,-447.549,264,-617.955,230.0
858,270.585,268,-649.923,226.0
859,231.27,268,-649.026,216.0
860,192.8,268,-645.836,228.0
861,156.718,268,-646.27,220.0
862,121.122,268,-644.721,230.0
863,86.529,269,-644.215,230.0
864,-48.289,269,-640.181,222.0
865,-82.007,269,-639.765,228.0
866,-115.456,269,-635.599,228.0
867,-149.612,269,-633.575,230.0
868,-257.581,269,-629.327,232.0
869,-467.676,269,-616.729,230.0
870,212.365,273,-648.094,222.0
871,175.061,273,-646.725,216.0
872,138.911,273,-645.216,228.0
873,104.467,273,-643.576,230.0
874,70.192,273,-643.181,232.0
875,19.985,273,-353.435,226.0
876,-64.399,273,-640.772,230.0
877,-97.755,273,-636.537,230.0
878,-131.861,273,-635.463,230.0
879,-166.372,273,-633.518,232.0
880,-274.823,273,-626.361,232.0
881,-444.603,274,-620.079,228.0
882,-491.257,274,-614.846,228.0
883,230.534,276,-648.227,222.0
884,192.655,276,-646.923,212.0
885,156.257,276,-646.381,228.0
886,121.01,277,-644.742,232.0
887,86.079,277,-642.257,230.0
888,-48.791,277,-641.146,228.0
889,-82.367,277,-638.711,230.0
890,-115.821,277,-634.516,228.0
891,-150.215,277,-633.432,230.0
892,-184.808,277,-630.472,232.0
893,-258.36,277,-629.007,232.0
894,210.431,279,-648.724,220.0
895,172.924,279,-646.265,224.0
896,136.789,279,-644.647,232.0
897,101.696,279,-643.008,232.0
898,67.464,279,-642.468,232.0
899,-66.74,279,-637.516,232.0
900,-100.245,279,-635.138,230.0
901,-134.926,279,-636.864,228.0
902,-168.508,279,-630.883,232.0
903,-203.99,279,-629.787,232.0
904,-240.881,279,-629.486,230.0
905,-445.936,280,-616.654,230.0
906,-495.044,280,-614.372,208.0
907,227.775,285,-649.201,222.0
908,189.621,285,-646.777,210.0
909,153.435,287,-647.057,232.0
910,117.657,287,-644.346,232.0
911,82.97,287,-642.666,232.0
912,-51.449,287,-637.929,230.0
913,-84.939,287,-636.356,232.0
914,-119.14,287,-636.953,228.0
915,-153.162,287,-633.755,232.0
916,-188.028,287,-631.606,230.0
917,-224.087,287,-630.354,232.0
918,-261.102,287,-627.874,232.0
919,-472.233,287,-615.77,232.0
920,245.734,291,-649.038,220.0
921,207.195,291,-647.665,224.0
922,170.103,292,-647.013,232.0
923,134.087,292,-645.214,230.0
924,99.032,292,-643.423,230.0
925,64.834,292,-642.738,230.0
926,-35.837,292,-638.996,230.0
927,-69.228,292,-637.251,230.0
928,-102.853,292,-635.734,230.0
929,-137.35,292,-636.346,228.0
930,-171.403,292,-632.176,230.0
931,-206.95,292,-630.926,232.0
932,-243.077,292,-628.641,230.0
933,-271.79,292,-606.923,220.0
934,-448.518,292,-616.016,224.0
935,225.705,297,-648.865,214.0
936,187.927,297,-647.271,232.0
937,151.574,297,-646.468,230.0
938,116.001,297,-644.646,232.0
939,81.162,297,-641.889,234.0
940,47.592,297,-646.25,230.0
941,-53.24,297,-637.782,230.0
942,-86.756,297,-636.111,230.0
943,-121.175,297,-637.587,228.0
944,-155.031,297,-633.3,232.0
945,-189.921,297,-631.04,230.0
946,-225.846,298,-629.726,232.0
947,-474.483,298,-615.301,232.0
948,243.826,302,-648.689,224.0
949,206.403,302,-647.918,232.0
950,169.538,302,-647.161,232.0
951,133.524,302,-645.331,230.0
952,98.471,302,-643.51,230.0
953,64.273,302,-642.795,230.0
954,-36.395,302,-638.964,230.0
955,-69.784,302,-637.19,230.0
956,-103.407,302,-635.644,228.0
957,-137.906,302,-636.226,228.0
958,-172.217,302,-632.991,230.0
959,-207.703,302,-631.731,232.0
960,-243.496,302,-628.479,230.0
961,229.32,307,-648.658,232.0
962,191.252,307,-646.296,230.0
963,154.997,307,-645.656,232.0
964,119.7,307,-644.987,232.0
965,84.897,307,-642.415,232.0
966,50.927,307,-640.98,230.0
967,-49.252,307,-638.102,230.0
968,-82.677,307,-636.654,230.0
969,-116.264,307,-634.435,228.0
970,-150.536,307,-633.356,232.0
971,-185.511,307,-632.35,232.0
972,-221.425,307,-631.294,232.0
973,-467.93,307,-616.536,230.0
974,255.478,312,-649.565,230.0
975,216.944,312,-648.684,230.0
976,179.203,312,-645.59,232.0
977,143.466,312,-645.243,232.0
978,108.254,312,-642.95,230.0
979,74.13,312,-642.739,232.0
980,-26.016,312,-632.465,230.0
981,-59.491,312,-637.229,230.0
982,-92.808,312,-635.256,230.0
983,-126.471,312,-633.499,230.0
984,-160.933,312,-631.826,232.0
985,-196.204,312,-631.209,232.0
986,-231.839,312,-628.61,230.0
987,-482.61,312,-615.314,232.0
988,249.395,317,-648.712,232.0
989,211.295,317,-648.443,230.0
990,173.909,317,-646.001,232.0
991,137.985,317,-644.392,230.0
992,103.022,317,-642.797,232.0
993,68.922,317,-642.313,230.0
994,-31.467,317,-639.226,232.0
995,-64.666,317,-636.725,230.0
996,-97.995,317,-634.477,230.0
997,-131.849,317,-634.444,232.0
998,-165.874,317,-631.581,232.0
999,-200.866,317,-629.741,232.0
1000,-237.166,317,-628.758,228.0
1001,-488.879,317,-614.185,228.0
1002,247.825,322,-647.172,230.0
1003,209.854,322,-646.808,230.0
1004,173.119,322,-646.213,230.0
1005,137.229,322,-644.554,232.0
1006,102.455,322,-643.9,232.0
1007,68.229,322,-642.387,230.0
1008,34.546,322,-641.07,232.0
1009,0.939,322,-505.999,232.0
1010,-32.065,322,-639.196,230.0
1011,-65.232,322,-636.667,222.0
1012,-98.549,322,-634.391,232.0
1013,-132.359,322,-633.317,232.0
1014,-166.576,322,-631.397,230.0
1015,-201.86,322,-630.473,230.0
1016,-441.259,322,-616.323,226.0
1017,-490.106,322,-614.485,228.0
1018,253.485,327,-649.272,232.0
1019,215.043,327,-648.263,230.0
1020,177.666,327,-646.014,232.0
1021,141.756,327,-644.597,232.0
1022,106.805,327,-643.193,232.0
1023,72.61,327,-641.906,232.0
1024,38.959,327,-640.817,230.0
1025,-60.674,327,-637.117,230.0
1026,-93.826,327,-635.107,230.0
1027,-127.522,327,-634.308,230.0
1028,-161.384,327,-631.711,232.0
1029,-196.505,327,-631.116,232.0
1030,-481.877,327,-615.888,232.0
1031,265.492,331,-649.86,228.0
1032,226.796,331,-649.544,230.0
1033,188.861,331,-646.999,230.0
1034,152.733,331,-646.196,230.0
1035,117.381,331,-644.396,232.0
1036,82.889,331,-642.677,232.0
1037,48.969,331,-640.13,232.0
1038,15.685,331,-641.808,232.0
1039,-17.535,332,-639.76,228.0
1040,-50.578,332,-637.998,230.0
1041,-83.747,332,-636.514,228.0
1042,-117.261,332,-635.268,232.0
1043,-151.099,332,-633.222,230.0
1044,-185.318,332,-630.322,232.0
1045,-220.3,332,-627.45,224.0
1046,-467.206,332,-617.085,232.0
1047,281.119,334,-649.797,226.0
1048,241.849,334,-649.429,230.0
1049,203.386,334,-646.775,230.0
1050,167.11,334,-646.76,232.0
1051,131.189,334,-643.769,230.0
1052,96.776,334,-643.767,232.0
1053,62.717,334,-641.944,232.0
1054,28.407,335,-640.37,230.0
1055,-4.712,335,-639.983,230.0
1056,-37.774,335,-638.884,230.0
1057,-70.735,335,-636.079,230.0
1058,-103.992,335,-634.535,228.0
1059,-137.49,335,-632.223,230.0
1060,-172.075,335,-631.993,232.0
1061,-207.31,335,-630.808,230.0
1062,258.875,337,-649.295,224.0
1063,220.039,337,-647.641,204.0
1064,183.173,337,-647.593,218.0
1065,146.689,337,-644.518,230.0
1066,111.708,337,-643.374,230.0
1067,77.504,337,-642.341,232.0
1068,43.828,337,-640.502,230.0
1069,10.601,337,-639.912,230.0
1070,-22.518,337,-639.604,230.0
1071,-55.577,337,-637.582,230.0
1072,-88.764,337,-635.834,230.0
1073,-122.297,337,-634.318,232.0
1074,-156.388,337,-632.967,232.0
1075,-191.242,337,-631.685,230.0
1076,-219.599,337,-609.656,220.0
1077,-426.549,338,-618.108,228.0
1078,-473.799,338,-615.827,230.0
1079,239.018,341,-649.411,224.0
1080,200.922,341,-647.545,224.0
1081,164.163,341,-645.451,232.0
1082,128.512,342,-644.309,230.0
1083,94.139,342,-644.157,230.0
1084,60.129,342,-642.191,232.0
1085,26.701,342,-641.445,230.0
1086,-6.499,342,-639.967,230.0
1087,-39.598,342,-638.774,232.0
1088,-72.705,342,-636.863,232.0
1089,-105.884,342,-634.222,230.0
1090,-139.63,342,-632.777,230.0
1091,-174.039,342,-631.455,230.0
1092,-450.655,343,-616.933,232.0
1093,259.463,345,-649.061,224.0
1094,220.656,345,-647.431,224.0
1095,183.81,345,-647.413,232.0
1096,147.313,345,-644.376,232.0
1097,112.493,345,-644.253,230.0
1098,78.085,345,-642.271,230.0
1099,44.326,345,-640.468,230.0
1100,11.017,345,-639.905,230.0
1101,-22.149,345,-638.616,230.0
1102,-55.324,345,-637.604,230.0
1103,-88.593,345,-635.858,230.0
1104,-122.206,345,-634.336,230.0
1105,-156.378,345,-632.969,232.0
1106,-191.312,345,-631.664,232.0
1107,-426.586,346,-619.297,232.0
1108,-472.614,346,-615.477,232.0
1109,235.426,348,-647.53,232.0
1110,198.372,348,-648.331,230.0
1111,161.39,348,-645.119,232.0
1112,126.049,348,-643.776,230.0
1113,91.708,348,-643.498,232.0
1114,57.736,348,-641.407,232.0
1115,24.342,348,-640.538,230.0
1116,-8.834,348,-639.939,232.0
1117,-41.949,348,-638.624,228.0
1118,-74.952,348,-635.596,228.0
1119,-108.258,348,-633.821,230.0
1120,-142.019,348,-632.246,230.0
1121,-176.742,349,-631.742,230.0
1122,-205.98,349,-612.281,202.0
1123,-407.483,349,-617.703,222.0
1124,-455.481,349,-618.354,232.0
1125,249.745,353,-648.577,230.0
1126,211.147,353,-646.388,230.0
1127,174.503,353,-645.84,232.0
1128,138.701,353,-644.238,232.0
1129,104.018,353,-643.649,232.0
1130,69.88,353,-642.209,230.0
1131,36.285,353,-640.974,232.0
1132,3.016,353,-639.993,232.0
1133,-30.148,353,-639.29,230.0
1134,-63.231,353,-636.869,230.0
1135,-96.445,353,-634.714,230.0
1136,-130.208,353,-633.762,232.0
1137,-164.049,353,-631.025,230.0
1138,-438.144,353,-618.542,230.0
1139,-485.014,353,-614.695,232.0
1140,223.826,357,-647.4,230.0
1141,186.9,357,-647.568,230.0
1142,150.34,357,-644.703,232.0
1143,115.116,357,-642.773,232.0
1144,80.877,357,-641.925,230.0
1145,47.11,357,-640.269,232.0
1146,13.799,357,-639.851,232.0
1147,-19.403,357,-639.706,232.0
1148,-52.552,357,-637.839,230.0
1149,-85.908,357,-636.226,230.0
1150,-119.107,357,-632.89,230.0
1151,-153.369,357,-632.676,230.0
1152,-423.765,357,-618.808,230.0
1153,-471.02,357,-616.697,232.0
1154,234.254,360,-647.955,228.0
1155,196.285,360,-645.83,230.0
1156,160.141,360,-645.43,230.0
1157,124.762,360,-644.027,232.0
1158,90.242,360,-642.695,230.0
1159,56.373,360,-641.528,230.0
1160,22.904,360,-639.59,232.0
1161,-10.276,360,-639.917,230.0
1162,-43.307,360,-638.533,230.0
1163,-76.402,360,-636.43,230.0
1164,-109.736,360,-634.582,230.0
1165,-143.745,360,-633.906,232.0
1166,-177.703,360,-630.434,228.0
1167,-205.59,360,-607.136,210.0
1168,-411.568,360,-620.997,230.0
1169,-456.824,360,-617.362,230.0
1170,285.28,363,-649.074,230.0
1171,245.472,363,-648.068,230.0
1172,207.472,363,-647.576,230.0
1173,170.708,363,-646.854,230.0
1174,134.794,363,-645.067,230.0
1175,99.839,363,-643.299,232.0
1176,65.741,363,-642.646,232.0
1177,32.033,363,-641.2,232.0
1178,-1.34,364,-639.999,230.0
1179,-34.489,364,-639.07,230.0
1180,-67.545,364,-636.426,230.0
1181,-100.733,364,-634.048,230.0
1182,-134.687,364,-633.848,232.0
1183,-168.629,364,-630.851,230.0
1184,-399.023,364,-619.637,230.0
1185,-445.198,365,-618.419,230.0
1186,-493.492,365,-615.619,218.0
1187,294.245,369,-649.453,230.0
1188,254.278,369,-648.962,230.0
1189,215.488,369,-647.062,232.0
1190,178.394,369,-645.814,232.0
1191,142.451,369,-644.444,230.0
1192,107.468,369,-643.082,232.0
1193,73.241,369,-641.835,232.0
1194,39.081,370,-640.809,230.0
1195,5.829,370,-639.973,230.0
1196,-27.318,370,-639.417,232.0
1197,-60.391,370,-637.144,230.0
1198,-93.594,370,-635.141,230.0
1199,-127.144,370,-633.364,230.0
1200,-161.254,370,-631.745,232.0
1201,-390.155,372,-621.719,230.0
1202,-434.468,372,-618.687,230.0
1203,-481.946,372,-615.835,230.0
1204,305.4,375,-649.811,224.0
1205,265.224,375,-649.97,224.0
1206,225.541,375,-646.805,230.0
1207,188.594,375,-647.077,230.0
1208,152.236,375,-645.285,232.0
1209,117.115,375,-644.445,232.0
1210,82.562,375,-642.719,232.0
1211,48.715,375,-640.149,230.0
1212,15.454,375,-639.813,232.0
1213,-17.697,375,-639.755,230.0
1214,-50.801,375,-637.981,230.0
1215,-84.03,375,-636.477,230.0
1216,-117.421,375,-634.222,230.0
1217,-151.501,375,-633.126,230.0
1218,-420.664,376,-618.503,230.0
1219,-467.813,376,-616.626,230.0
1220,235.261,381,-647.59,224.0
1221,197.561,381,-646.487,222.0
1222,161.103,381,-645.19,222.0
1223,125.845,382,-643.816,232.0
1224,91.131,382,-641.56,232.0
1225,57.261,382,-640.445,230.0
1226,23.827,382,-639.556,230.0
1227,-9.403,382,-639.931,230.0
1228,-42.608,382,-638.58,230.0
1229,-75.816,382,-636.501,230.0
1230,-109.093,382,-633.678,230.0
1231,-142.942,382,-632.038,230.0
1232,-240.388,382,-604.991,204.0
1233,-277.771,382,-605.309,202.0
1234,-411.873,382,-620.794,230.0
1235,-457.186,382,-617.094,232.0
1236,240.296,387,-648.939,226.0
1237,202.072,387,-647.187,214.0
1238,164.817,389,-644.252,230.0
1239,129.565,389,-644.098,232.0
1240,94.923,389,-643.032,230.0
1241,60.84,389,-641.12,232.0
1242,27.511,389,-644.413,228.0
1243,-5.94,389,-639.972,228.0
1244,-39.162,389,-638.801,232.0
1245,-72.279,389,-635.906,230.0
1246,-105.857,389,-635.24,232.0
1247,-140.206,389,-635.723,230.0
1248,-405.148,389,-619.238,230.0
1249,-450.812,389,-616.818,232.0
1250,283.219,395,-649.976,224.0
1251,243.373,395,-648.859,222.0
1252,205.796,395,-646.012,230.0
1253,169.418,395,-646.159,230.0
1254,133.384,395,-643.318,232.0
1255,98.869,395,-643.448,230.0
1256,64.602,395,-640.752,230.0
1257,31.176,395,-642.244,228.0
1258,-2.224,395,-639.996,230.0
1259,-35.361,395,-637.019,230.0
1260,-68.625,395,-636.31,230.0
1261,-101.91,395,-633.86,230.0
1262,-136.593,395,-636.509,228.0
1263,-402.156,396,-621.185,230.0
1264,-447.304,396,-618.133,230.0
1265,245.524,403,-648.049,232.0
1266,206.975,403,-645.636,232.0
1267,170.628,403,-645.841,232.0
1268,135.029,403,-645.018,230.0
1269,100.135,403,-643.253,230.0
1270,65.893,403,-640.62,232.0
1271,32.45,403,-641.179,228.0
1272,-0.872,403,-638.999,230.0
1273,-34.04,403,-638.093,230.0
1274,-67.221,403,-636.46,230.0
1275,-100.481,403,-634.088,232.0
1276,-135.128,403,-636.821,228.0
1277,-231.494,403,-606.31,216.0
1278,-400.234,403,-621.236,230.0
1279,-444.196,403,-616.676,230.0
1280,-494.362,403,-616.203,212.0
1281,247.035,408,-647.474,230.0
1282,209.085,408,-647.058,230.0
1283,172.371,408,-646.413,232.0
1284,136.502,408,-644.708,232.0
1285,101.594,408,-643.024,230.0
1286,67.546,408,-642.459,232.0
1287,33.779,408,-639.108,232.0
1288,0.548,408,-640.0,228.0
1289,-32.582,408,-637.168,228.0
1290,-65.828,408,-636.606,230.0
1291,-99.103,408,-634.305,230.0
1292,-132.624,408,-634.283,232.0
1293,-195.457,408,-610.473,218.0
1294,-354.107,408,-622.306,228.0
1295,-396.134,408,-619.115,230.0
1296,-441.083,408,-616.449,230.0
1297,-491.148,408,-616.212,228.0
1298,249.17,411,-646.655,230.0
1299,211.137,411,-646.391,230.0
1300,174.339,411,-645.885,232.0
1301,138.384,411,-644.307,230.0
1302,103.389,411,-642.738,232.0
1303,69.258,411,-642.277,232.0
1304,35.346,411,-638.022,232.0
1305,2.095,411,-640.997,232.0
1306,-31.174,411,-638.239,228.0
1307,-64.454,411,-636.746,230.0
1308,-97.774,411,-634.511,230.0
1309,-352.626,411,-621.997,230.0
1310,-395.132,411,-619.755,232.0
1311,-440.065,411,-617.176,230.0
1312,-488.245,411,-614.688,228.0
1313,249.261,413,-648.763,230.0
1314,210.542,413,-646.585,230.0
1315,173.775,413,-646.036,232.0
1316,137.852,413,-644.42,230.0
1317,102.89,413,-642.818,232.0
1318,68.683,413,-641.333,232.0
1319,34.965,413,-639.044,232.0
1320,1.688,413,-640.998,232.0
1321,-31.599,413,-639.219,232.0
1322,-64.343,413,-636.757,230.0
1323,-97.593,413,-634.539,230.0
1324,-127.536,413,-614.914,208.0
1325,-353.218,413,-622.811,230.0
1326,-395.269,413,-619.667,230.0
1327,-440.241,413,-617.051,228.0
1328,-488.46,413,-614.518,228.0
1329,249.385,417,-648.716,232.0
1330,210.614,417,-646.562,232.0
1331,173.796,417,-646.031,230.0
1332,137.822,417,-644.427,232.0
1333,102.808,417,-642.831,232.0
1334,68.444,417,-640.353,232.0
1335,34.783,417,-639.054,230.0
1336,1.454,417,-640.998,230.0
1337,-31.389,418,-637.227,230.0
1338,-64.595,418,-636.732,228.0
1339,-97.834,418,-634.502,230.0
1340,-127.964,418,-615.846,218.0
1341,-353.386,418,-622.715,230.0
1342,-395.427,418,-619.567,232.0
1343,-440.388,418,-616.946,230.0
1344,-490.027,418,-615.827,228.0
1345,247.178,426,-647.419,228.0
1346,209.044,426,-647.071,232.0
1347,171.888,426,-645.507,230.0
1348,136.093,426,-644.794,232.0
1349,101.002,426,-643.117,232.0
1350,66.564,426,-640.551,230.0
1351,32.826,426,-639.158,232.0
1352,-0.559,426,-640.0,228.0
1353,-33.696,426,-638.111,230.0
1354,-66.848,426,-636.499,230.0
1355,-100.079,426,-634.152,232.0
1356,-129.728,426,-613.433,208.0
1357,-163.168,426,-612.644,202.0
1358,-194.721,426,-603.357,206.0
1359,-356.58,426,-623.197,230.0
1360,-398.698,426,-619.846,230.0
1361,-444.766,427,-618.73,230.0
1362,-491.891,427,-614.339,214.0
1363,283.252,433,-648.87,230.0
1364,243.795,433,-648.701,230.0
1365,205.14,433,-646.221,230.0
1366,168.175,433,-644.417,232.0
1367,132.568,433,-643.486,232.0
1368,97.82,433,-642.597,232.0
1369,63.626,433,-640.849,232.0
1370,29.393,433,-642.328,230.0
1371,-3.974,433,-638.988,230.0
1372,-37.148,433,-637.919,230.0
1373,-70.331,433,-636.124,230.0
1374,-103.589,433,-633.588,230.0
1375,-132.737,433,-610.742,214.0
1376,-361.305,433,-622.783,230.0
1377,-404.007,433,-619.982,230.0
1378,-449.195,433,-616.76,232.0
1379,236.956,438,-646.972,220.0
1380,199.099,438,-646.015,230.0
1381,162.485,438,-644.844,232.0
1382,126.928,438,-643.603,230.0
1383,92.088,438,-641.423,232.0
1384,58.165,438,-640.364,232.0
1385,24.617,438,-640.527,230.0
1386,-8.776,438,-637.94,230.0
1387,-42.162,438,-638.61,230.0
1388,-75.405,438,-635.542,230.0
1389,-105.733,438,-614.977,210.0
1390,-138.319,438,-611.553,226.0
1391,-240.83,438,-604.816,218.0
1392,-327.14,438,-623.374,232.0
1393,-368.471,439,-622.059,230.0
1394,-412.464,439,-620.402,232.0
1395,-458.438,439,-617.41,230.0
1396,267.429,443,-649.065,218.0
1397,228.246,443,-647.976,224.0
1398,190.2,443,-645.564,230.0
1399,153.734,443,-643.902,230.0
1400,118.69,443,-644.157,230.0
1401,83.779,443,-641.553,232.0
1402,49.863,443,-640.061,232.0
1403,16.408,443,-639.79,232.0
1404,-16.883,443,-637.777,230.0
1405,-50.234,443,-638.025,232.0
1406,-83.526,443,-635.535,230.0
1407,-113.968,443,-616.555,220.0
1408,-336.782,443,-623.906,230.0
1409,-378.585,443,-621.818,232.0
1410,-421.616,443,-617.855,230.0
1411,-468.859,443,-615.83,230.0
1412,297.039,448,-649.279,226.0
1413,256.869,448,-649.017,222.0
1414,217.87,448,-647.319,226.0
1415,180.299,448,-645.285,230.0
1416,144.418,448,-645.031,230.0
1417,109.239,449,-641.769,230.0
1418,75.084,449,-641.622,232.0
1419,41.308,449,-640.67,230.0
1420,7.859,449,-639.952,232.0
1421,-25.402,449,-637.494,228.0
1422,-58.753,449,-637.297,230.0
1423,-92.153,449,-635.352,232.0
1424,-121.415,449,-611.054,226.0
1425,-347.291,449,-622.702,228.0
1426,-390.352,449,-621.596,230.0
1427,-435.358,449,-619.284,230.0
1428,-482.376,449,-615.498,232.0
1429,285.805,453,-648.843,222.0
1430,245.884,453,-647.912,224.0
1431,207.159,453,-645.577,224.0
1432,170.638,453,-645.838,230.0
1433,134.354,454,-643.116,232.0
1434,99.573,454,-642.328,230.0
1435,65.446,454,-641.671,232.0
1436,31.709,454,-640.215,230.0
1437,-1.706,454,-639.998,230.0
1438,-35.067,454,-639.039,230.0
1439,-68.332,454,-636.342,232.0
1440,-98.876,454,-616.116,224.0
1441,-131.699,454,-614.035,208.0
1442,-318.721,454,-625.476,232.0
1443,-358.822,454,-621.909,230.0
1444,-402.659,454,-620.859,230.0
1445,-447.912,454,-617.692,232.0
1446,272.657,458,-649.057,224.0
1447,233.031,458,-647.333,210.0
1448,194.92,458,-645.199,230.0
1449,155.634,458,-633.152,228.0
1450,120.955,458,-632.539,228.0
1451,86.765,458,-630.054,228.0
1452,53.419,458,-628.735,230.0
1453,20.905,458,-639.658,232.0
1454,-12.429,458,-639.879,230.0
1455,-45.728,458,-638.364,230.0
1456,-79.027,458,-636.11,230.0
1457,-109.593,458,-617.348,222.0
1458,-331.101,459,-623.545,230.0
1459,-372.831,459,-621.79,232.0
1460,-416.921,459,-619.827,230.0
1461,-462.983,459,-616.513,232.0
1462,259.667,462,-647.902,218.0
1463,220.995,462,-647.315,224.0
1464,144.287,463,-632.758,226.0
1465,109.947,463,-632.515,228.0
1466,75.787,463,-628.447,228.0
1467,10.102,463,-637.92,230.0
1468,-23.126,463,-637.581,230.0
1469,-56.468,463,-637.504,230.0
1470,-303.706,464,-625.13,232.0
1471,-344.501,464,-624.25,232.0
1472,-385.475,464,-619.927,230.0
1473,-430.336,464,-617.916,232.0
1474,-478.449,464,-616.025,232.0
1475,285.578,467,-648.942,224.0
1476,245.637,467,-648.006,226.0
1477,207.599,468,-645.435,232.0
1478,132.596,468,-632.245,228.0
1479,98.175,468,-630.401,228.0
1480,64.618,468,-629.693,228.0
1481,32.004,468,-639.199,230.0
1482,-1.409,468,-638.998,230.0
1483,-34.715,468,-637.055,228.0
1484,-68.14,468,-636.362,230.0
1485,-130.563,468,-609.165,214.0
1486,-164.532,468,-610.207,224.0
1487,-318.12,468,-623.538,232.0
1488,-360.109,468,-623.475,232.0
1489,-402.38,468,-619.848,230.0
1490,-448.157,468,-617.515,230.0
1491,268.078,471,-648.798,202.0
1492,229.32,473,-648.658,230.0
1493,190.127,473,-642.458,228.0
1494,151.283,473,-630.093,224.0
1495,117.175,473,-631.216,228.0
1496,83.365,473,-630.513,228.0
1497,50.027,473,-629.014,230.0
1498,17.454,473,-639.762,232.0
1499,-15.831,473,-637.804,228.0
1500,-49.017,473,-636.114,232.0
1501,-80.142,473,-617.824,218.0
1502,-112.561,473,-614.78,222.0
1503,-296.278,473,-626.473,230.0
1504,-335.595,473,-623.41,232.0
1505,-377.973,473,-622.19,230.0
1506,-422.232,473,-619.855,230.0
1507,-468.449,473,-616.143,232.0
1508,248.575,477,-646.885,232.0
1509,210.552,477,-646.582,232.0
1510,135.103,477,-631.714,228.0
1511,101.101,477,-631.964,228.0
1512,67.441,477,-630.403,228.0
1513,34.929,477,-640.048,232.0
1514,1.574,477,-639.998,230.0
1515,-31.631,477,-637.215,230.0
1516,-95.082,477,-613.678,220.0
1517,-128.316,477,-614.751,204.0
1518,-275.27,478,-626.165,228.0
1519,-314.233,478,-624.387,232.0
1520,-355.72,478,-623.689,232.0
1521,-397.96,478,-620.32,232.0
1522,-443.119,478,-617.451,230.0
1523,230.544,482,-648.223,232.0
1524,191.829,482,-644.038,230.0
1525,152.547,482,-630.817,232.0
1526,118.127,482,-631.039,226.0
1527,84.235,482,-630.397,228.0
1528,50.815,482,-628.951,228.0
1529,18.174,482,-639.742,230.0
1530,-15.217,482,-638.819,230.0
1531,-48.538,482,-637.154,230.0
1532,-79.553,482,-616.892,228.0
1533,-110.924,482,-607.964,220.0
1534,-144.241,483,-610.183,218.0
1535,-294.085,483,-624.191,230.0
1536,-334.665,483,-623.91,230.0
1537,-375.471,483,-620.199,230.0
1538,-421.267,483,-620.511,230.0
1539,-467.47,483,-616.885,232.0
1540,249.129,487,-646.671,230.0
1541,211.014,487,-646.431,232.0
1542,135.374,487,-631.657,232.0
1543,101.281,487,-631.935,228.0
1544,67.531,487,-630.393,230.0
1545,34.874,487,-639.049,230.0
1546,1.478,487,-637.998,230.0
1547,-31.813,487,-637.206,230.0
1548,-63.387,487,-618.762,230.0
1549,-95.586,487,-614.611,218.0
1550,-275.866,487,-625.902,230.0
1551,-314.856,487,-624.072,232.0
1552,-356.372,487,-623.316,230.0
1553,-398.639,487,-619.884,230.0
1554,-445.576,487,-619.379,230.0
1555,267.985,492,-648.836,230.0
1556,228.135,492,-645.894,230.0
1557,189.336,492,-640.606,232.0
1558,151.489,492,-632.101,228.0
1559,117.057,492,-632.255,228.0
1560,83.025,492,-630.558,228.0
1561,49.647,492,-629.044,230.0
1562,17.027,492,-639.773,230.0
1563,-16.296,492,-637.792,230.0
1564,-80.541,492,-616.763,228.0
1565,-214.128,492,-608.419,224.0
1566,-258.097,492,-626.953,230.0
1567,-296.835,492,-626.209,230.0
1568,-336.653,492,-623.976,232.0
1569,-378.585,492,-621.818,230.0
1570,-421.743,492,-617.768,230.0
1571,-469.719,492,-616.432,230.0
1572,286.155,497,-648.688,230.0
1573,246.171,497,-647.803,230.0
1574,207.384,497,-645.504,230.0
1575,167.478,497,-633.227,230.0
1576,132.305,497,-632.306,224.0
1577,97.845,497,-630.452,228.0
1578,64.248,497,-629.731,230.0
1579,31.638,497,-640.219,230.0
1580,-1.863,497,-637.997,232.0
1581,-35.155,497,-636.029,230.0
1582,-66.637,497,-617.414,230.0
1583,-131.312,497,-611.05,220.0
1584,-279.498,497,-625.385,232.0
1585,-318.545,497,-623.321,230.0
1586,-359.621,497,-621.447,232.0
1587,-403.525,497,-620.296,230.0
1588,-448.842,497,-617.017,230.0
1589,262.847,502,-647.698,230.0
1590,223.673,502,-646.395,230.0
1591,182.6,502,-633.197,230.0
1592,146.936,502,-632.148,230.0
1593,112.065,502,-630.112,224.0
1594,78.43,502,-631.146,228.0
1595,44.783,502,-627.404,228.0
1596,12.046,502,-637.886,232.0
1597,-21.365,502,-637.642,228.0
1598,-53.088,502,-616.719,232.0
1599,-85.52,502,-617.102,220.0
1600,-264.445,502,-626.473,232.0
1601,-303.409,502,-625.275,232.0
1602,-343.436,502,-622.553,230.0
1603,-385.573,502,-619.866,230.0
1604,-430.63,502,-617.711,228.0
1605,-478.937,502,-615.645,232.0
1606,279.125,507,-649.568,230.0
1607,238.536,507,-646.391,230.0
1608,200.247,507,-644.613,232.0
1609,160.839,507,-632.882,232.0
1610,125.758,507,-631.602,230.0
1611,91.545,507,-630.388,226.0
1612,57.989,507,-629.334,228.0
1613,25.309,507,-639.499,228.0
1614,-8.149,507,-637.948,230.0
1615,-41.505,507,-636.649,232.0
1616,-72.354,507,-617.777,208.0
1617,-249.181,507,-628.399,230.0
1618,-286.62,507,-625.454,232.0
1619,-326.269,507,-623.83,230.0
1620,-368.037,507,-622.316,230.0
1621,-412.168,507,-620.598,230.0
1622,-457.685,507,-616.724,230.0
1623,294.925,511,-649.144,230.0
1624,254.721,511,-648.788,232.0
1625,215.694,511,-646.993,232.0
1626,175.169,511,-634.255,230.0
1627,139.169,511,-630.831,224.0
1628,104.999,511,-631.328,228.0
1629,71.049,511,-629.0,228.0
1630,38.834,511,-644.832,230.0
1631,5.006,511,-639.98,232.0
1632,-28.385,511,-637.368,230.0
1633,-59.209,511,-617.166,212.0
1634,-91.154,511,-612.252,216.0
1635,-124.536,511,-614.508,222.0
1636,-271.749,511,-627.701,232.0
1637,-310.326,511,-625.222,232.0
1638,-350.838,511,-623.007,230.0
1639,-393.547,511,-620.762,230.0
1640,-438.683,511,-618.159,230.0
1641,-485.823,511,-614.056,228.0
1642,272.43,515,-649.152,230.0
1643,232.733,515,-647.441,230.0
1644,194.551,515,-645.311,230.0
1645,155.571,515,-634.198,232.0
1646,120.169,515,-630.653,232.0
1647,86.245,515,-630.125,226.0
1648,52.791,515,-628.788,228.0
1649,20.154,515,-639.683,228.0
1650,-13.25,515,-637.862,232.0
1651,-46.282,517,-636.319,230.0
1652,-76.872,517,-613.2,220.0
1653,-254.781,517,-628.308,232.0
1654,-293.089,517,-626.868,232.0
1655,-332.862,517,-624.874,230.0
1656,-373.718,517,-621.257,232.0
1657,-417.874,517,-619.185,230.0
1658,-463.999,517,-615.748,232.0
1659,251.142,521,-646.965,230.0
1660,212.634,521,-645.9,230.0
1661,172.045,521,-632.001,232.0
1662,136.896,521,-631.328,230.0
1663,102.775,521,-631.694,226.0
1664,68.883,521,-629.241,228.0
1665,36.324,521,-638.968,228.0
1666,2.9,521,-638.993,230.0
1667,-30.007,521,-636.293,230.0
1668,-61.303,521,-615.957,218.0
1669,-125.814,521,-610.164,224.0
1670,-236.106,521,-628.088,232.0
1671,-273.68,521,-626.862,232.0
1672,-312.646,521,-625.183,230.0
1673,-352.655,521,-621.98,232.0
1674,-395.309,521,-619.642,230.0
1675,-440.388,521,-616.946,230.0
1676,-490.649,522,-616.61,218.0
1677,274.54,525,-648.262,230.0
1678,234.756,525,-646.71,230.0
1679,196.486,525,-644.724,232.0
1680,156.91,525,-631.807,232.0
1681,122.089,525,-631.303,230.0
1682,87.894,525,-629.897,226.0
1683,54.443,525,-629.651,228.0
1684,21.666,525,-639.633,228.0
1685,-11.951,526,-639.888,230.0
1686,-45.131,526,-636.402,230.0
1687,-253.704,526,-628.743,232.0
1688,-290.758,526,-624.645,232.0
1689,-331.342,526,-624.549,232.0
1690,-372.683,526,-621.878,230.0
1691,-416.294,526,-619.044,230.0
1692,-462.601,527,-616.799,232.0
1693,294.049,530,-649.542,232.0
1694,253.815,530,-649.143,232.0
1695,214.129,530,-645.406,232.0
1696,176.87,530,-644.159,232.0
1697,140.979,530,-643.744,230.0
1698,105.785,530,-642.348,230.0
1699,71.238,530,-640.048,230.0
1700,37.399,530,-638.906,230.0
1701,4.126,531,-638.987,230.0
1702,-29.144,531,-637.334,230.0
1703,-62.524,531,-636.939,230.0
1704,-92.654,531,-613.038,206.0
1705,-235.157,531,-627.377,232.0
1706,-273.132,531,-627.1,230.0
1707,-311.704,531,-624.536,230.0
1708,-352.211,531,-622.232,230.0
1709,-394.915,531,-619.893,232.0
1710,-440.065,531,-617.176,230.0
1711,-488.382,531,-614.58,224.0
1712,274.303,536,-648.362,230.0
1713,234.612,536,-646.762,232.0
1714,196.435,536,-644.74,232.0
1715,160.084,536,-644.414,230.0
1716,124.5,536,-643.059,232.0
1717,89.638,536,-640.76,232.0
1718,55.619,536,-639.586,232.0
1719,21.331,536,-639.644,230.0
1720,-11.985,536,-637.887,230.0
1721,-45.131,536,-635.399,230.0
1722,-141.277,536,-610.876,224.0
1723,-216.443,536,-628.79,232.0
1724,-252.651,536,-625.933,230.0
1725,-290.827,536,-624.612,232.0
1726,-330.474,536,-622.746,230.0
1727,-372.752,536,-621.837,230.0
1728,-416.96,536,-619.801,230.0
1729,-463.032,536,-616.476,230.0
1730,296.932,540,-648.229,222.0
1731,256.799,540,-647.969,226.0
1732,217.199,540,-644.379,230.0
1733,180.306,540,-644.244,232.0
1734,144.246,540,-643.019,232.0
1735,109.147,540,-641.785,230.0
1736,74.805,540,-640.647,230.0
1737,40.535,540,-640.719,232.0
1738,7.067,540,-639.961,230.0
1739,-26.211,540,-637.461,230.0
1740,-59.396,540,-635.229,230.0
1741,-232.208,540,-628.474,232.0
1742,-269.384,540,-626.543,230.0
1743,-307.42,540,-623.312,232.0
1744,-348.278,540,-622.15,230.0
1745,-391.456,541,-620.901,230.0
1746,-436.477,541,-618.496,228.0
1747,-484.126,541,-615.395,228.0
1748,277.889,545,-646.833,214.0
1749,238.557,545,-646.384,232.0
1750,200.339,545,-644.584,230.0
1751,163.711,545,-643.502,230.0
1752,128.141,545,-642.343,232.0
1753,93.431,545,-641.229,230.0
1754,59.302,545,-639.255,232.0
1755,25.796,545,-639.48,230.0
1756,-7.572,545,-637.955,230.0
1757,-40.838,545,-636.692,230.0
1758,-74.341,545,-636.674,232.0
1759,-104.265,545,-613.199,222.0
1760,-212.009,545,-629.244,232.0
1761,-248.594,545,-627.556,230.0
1762,-286.401,545,-625.554,232.0
1763,-326.052,545,-623.944,232.0
1764,-368.037,545,-622.316,230.0
1765,-410.401,545,-618.171,230.0
1766,-457.47,545,-616.883,230.0
1767,343.155,549,-649.977,226.0
1768,299.921,549,-647.953,224.0
1769,259.346,549,-646.953,230.0
1770,220.359,549,-645.419,230.0
1771,182.799,549,-643.541,230.0
1772,146.937,549,-643.436,230.0
1773,111.59,549,-641.365,230.0
1774,77.496,550,-641.335,230.0
1775,43.686,550,-640.512,232.0
1776,10.189,550,-638.919,230.0
1777,-23.095,550,-637.582,230.0
1778,-56.389,550,-636.507,232.0
1779,-192.258,550,-628.24,228.0
1780,-228.851,550,-628.64,230.0
1781,-265.608,550,-625.981,232.0
1782,-304.45,550,-624.768,230.0
1783,-345.234,558,-623.845,232.0
1784,-386.261,558,-619.437,230.0
1785,-432.324,558,-618.968,228.0
1786,-479.348,558,-615.326,230.0
1787,322.886,559,-649.13,224.0
1788,281.339,559,-648.612,224.0
1789,240.75,559,-645.57,230.0
1790,202.466,559,-643.92,232.0
1791,166.023,559,-643.942,230.0
1792,130.337,559,-642.922,230.0
1793,95.892,560,-640.866,232.0
1794,61.746,560,-639.024,230.0
1795,28.231,560,-639.377,230.0
1796,-5.153,560,-637.979,232.0
1797,-38.434,560,-636.841,228.0
1798,-71.835,560,-635.956,230.0
1799,-209.365,560,-629.075,230.0
1800,-245.917,560,-627.536,232.0
1801,-283.281,560,-624.778,232.0
1802,-322.734,560,-623.415,230.0
1803,-363.822,560,-621.316,230.0
1804,-406.64,560,-618.259,230.0
1805,-453.056,560,-616.413,230.0
1806,263.066,561,-646.529,222.0
1807,224.35,561,-646.16,224.0
1808,186.403,561,-643.548,224.0
1809,150.491,561,-643.641,202.0
1810,115.571,561,-641.675,232.0
1811,81.189,561,-640.878,230.0
1812,47.28,561,-639.254,230.0
1813,13.807,561,-637.851,230.0
1814,-19.484,561,-637.702,230.0
1815,-52.721,561,-635.818,230.0
1816,-86.352,561,-636.166,232.0
1817,-115.698,561,-611.145,224.0
1818,-188.796,561,-629.289,232.0
1819,-224.733,561,-628.0,232.0
1820,-262.197,561,-627.417,232.0
1821,-300.09,562,-624.656,232.0
1822,-339.876,562,-622.226,230.0
1823,-382.825,562,-621.566,228.0
1824,-427.166,562,-618.897,230.0
1825,-474.063,562,-615.624,234.0
1826,287.225,564,-648.215,208.0
1827,247.281,564,-647.38,226.0
1828,208.531,564,-645.135,224.0
1829,171.475,564,-643.547,230.0
1830,135.718,565,-641.807,232.0
1831,101.112,565,-642.088,230.0
1832,66.745,565,-639.526,232.0
1833,33.13,565,-639.142,230.0
1834,-0.263,565,-638.0,232.0
1835,-33.499,565,-636.119,230.0
1836,-66.959,565,-636.488,230.0
1837,-97.263,565,-614.348,218.0
1838,-203.921,565,-628.758,232.0
1839,-240.743,565,-628.468,232.0
1840,-277.662,565,-625.108,232.0
1841,-316.618,565,-623.181,230.0
1842,-358.102,565,-622.324,230.0
1843,-401.416,565,-620.473,230.0
1844,-447.235,565,-618.182,232.0
1845,309.323,569,-647.953,224.0
1846,268.901,569,-648.457,222.0
1847,228.621,569,-644.662,224.0
1848,191.48,569,-645.186,224.0
1849,154.532,570,-642.683,232.0
1850,119.143,570,-641.022,230.0
1851,84.747,570,-640.417,232.0
1852,50.899,570,-639.979,232.0
1853,17.383,570,-639.764,230.0
1854,-15.922,570,-635.801,230.0
1855,-49.229,570,-636.098,232.0
1856,-82.61,570,-634.646,230.0
1857,-185.378,570,-630.305,232.0
1858,-221.0,570,-628.263,232.0
1859,-257.709,570,-627.112,230.0
1860,-296.437,570,-626.398,232.0
1861,-335.773,570,-623.314,232.0
1862,-378.17,570,-622.07,228.0
1863,-422.448,570,-619.708,230.0
1864,-468.683,570,-615.964,232.0
1865,288.664,574,-647.576,226.0
1866,248.718,574,-646.829,218.0
1867,209.964,574,-644.67,226.0
1868,172.823,574,-643.186,232.0
1869,137.108,574,-642.534,232.0
1870,102.253,574,-641.907,232.0
1871,34.185,574,-639.086,232.0
1872,0.749,574,-638.0,230.0
1873,-32.531,574,-636.169,230.0
1874,-66.03,574,-636.585,232.0
1875,-99.505,574,-634.242,230.0
1876,-128.994,574,-611.544,224.0
1877,-167.968,574,-631.028,230.0
1878,-203.163,574,-629.004,232.0
1879,-239.043,575,-626.976,230.0
1880,-276.591,575,-625.583,232.0
1881,-315.53,575,-623.732,230.0
1882,-356.995,575,-622.959,232.0
1883,-399.209,575,-619.517,230.0
1884,-446.097,575,-619.005,230.0
1885,308.006,578,-648.58,224.0
1886,267.202,578,-648.077,218.0
1887,227.311,578,-645.125,224.0
1888,190.804,579,-645.386,232.0
1889,154.032,579,-642.803,232.0
1890,118.604,579,-641.122,232.0
1891,16.671,579,-637.782,230.0
1892,-16.671,579,-637.782,232.0
1893,-50.044,579,-637.037,228.0
1894,-83.386,579,-634.545,232.0
1895,-186.268,579,-630.042,232.0
1896,-221.548,580,-628.07,232.0
1897,-258.505,580,-626.785,232.0
1898,-297.202,580,-626.035,232.0
1899,-336.98,580,-623.799,232.0
1900,-378.871,580,-621.644,230.0
1901,-421.988,580,-617.6,230.0
1902,-469.925,580,-616.276,230.0
1903,328.703,583,-649.568,218.0
1904,286.628,583,-648.479,222.0
1905,246.654,583,-647.619,224.0
1906,208.388,583,-645.181,230.0
1907,171.085,583,-642.616,230.0
1908,135.453,583,-641.863,232.0
1909,100.837,583,-642.131,230.0
1910,32.733,583,-637.16,228.0
1911,-0.566,583,-637.0,232.0
1912,-33.759,583,-635.103,230.0
1913,-67.282,583,-636.454,230.0
1914,-100.723,583,-634.05,232.0
1915,-169.119,583,-630.72,230.0
1916,-204.041,584,-628.72,232.0
1917,-240.763,584,-628.46,230.0
1918,-277.593,584,-625.138,230.0
1919,-316.982,584,-624.118,230.0
1920,-357.993,584,-622.386,230.0
1921,-401.288,584,-620.555,230.0
1922,-447.088,584,-618.289,230.0
1923,306.359,588,-649.36,224.0
1924,264.788,588,-646.907,220.0
1925,226.522,589,-645.402,232.0
1926,188.838,589,-643.88,230.0
1927,152.634,589,-643.136,230.0
1928,117.21,589,-641.378,232.0
1929,15.284,589,-637.817,230.0
1930,-18.0,589,-635.745,230.0
1931,-51.429,589,-636.927,230.0
1932,-84.765,589,-634.362,232.0
1933,-118.893,589,-634.965,230.0
1934,-152.607,589,-630.803,232.0
1935,-187.697,589,-629.618,232.0
1936,-223.607,589,-628.402,232.0
1937,-261.042,589,-627.899,232.0
1938,-299.019,589,-625.169,230.0
1939,-338.839,589,-622.791,232.0
1940,-381.296,589,-621.333,230.0
1941,-426.193,589,-619.567,228.0
1942,-472.516,589,-615.552,232.0
1943,323.02,593,-649.063,226.0
1944,281.463,593,-648.558,226.0
1945,241.068,594,-645.451,232.0
1946,202.844,594,-643.801,230.0
1947,166.462,594,-643.829,232.0
1948,130.637,594,-641.84,230.0
1949,27.976,594,-633.382,228.0
1950,-5.153,594,-637.979,230.0
1951,-38.444,594,-636.841,230.0
1952,-71.855,594,-635.954,230.0
1953,-105.277,594,-633.309,230.0
1954,-173.738,594,-629.463,232.0
1955,-209.485,594,-629.035,232.0
1956,-246.017,594,-627.496,230.0
1957,-284.186,594,-626.564,232.0
1958,-323.832,594,-625.099,230.0
1959,-364.078,594,-621.166,232.0
1960,-408.073,594,-619.71,230.0
1961,-453.467,594,-616.111,232.0
1962,296.356,598,-648.492,218.0
1963,256.357,599,-648.144,232.0
1964,216.729,599,-644.538,230.0
1965,179.805,599,-644.384,232.0
1966,143.716,599,-643.138,232.0
1967,108.587,599,-641.88,230.0
1968,6.873,599,-636.963,230.0
1969,-26.454,599,-637.451,230.0
1970,-59.719,599,-635.199,230.0
1971,-93.402,599,-635.169,230.0
1972,-126.851,599,-631.383,228.0
1973,-161.705,599,-631.629,230.0
1974,-196.847,599,-629.961,232.0
1975,-232.945,599,-628.201,232.0
1976,-270.576,599,-627.119,232.0
1977,-309.158,599,-624.684,230.0
1978,-349.676,599,-622.513,232.0
1979,-392.392,599,-620.31,230.0
1980,-438.114,599,-618.563,230.0
1981,-485.306,599,-614.464,224.0
1982,308.994,602,-648.11,226.0
1983,268.531,603,-648.61,230.0
1984,228.283,603,-644.781,230.0
1985,191.173,603,-645.277,232.0
1986,154.409,603,-642.712,230.0
1987,118.99,603,-641.05,232.0
1988,-16.195,603,-635.794,228.0
1989,-49.454,603,-635.077,232.0
1990,-82.943,603,-634.603,230.0
1991,-116.515,603,-632.355,230.0
1992,-150.868,603,-633.277,230.0
1993,-185.368,603,-630.308,232.0
1994,-220.96,603,-628.277,232.0
1995,-257.978,603,-627.002,232.0
1996,-296.735,603,-626.256,230.0
1997,-336.099,603,-623.138,230.0
1998,-377.486,603,-620.146,232.0
1999,-422.831,603,-619.446,230.0
2000,-469.7,603,-616.447,230.0
2001,324.286,607,-648.432,234.0
2002,282.255,608,-648.214,232.0
2003,241.661,608,-645.229,230.0
2004,203.375,608,-643.633,232.0
2005,166.932,608,-643.707,232.0
2006,131.044,608,-641.757,232.0
2007,-4.991,608,-637.98,228.0
2008,-38.283,608,-635.849,230.0
2009,-71.59,608,-633.971,230.0
2010,-105.297,608,-633.306,232.0
2011,-139.044,608,-631.883,230.0
2012,-173.899,608,-631.494,232.0
2013,-209.086,608,-629.168,234.0
2014,-245.588,608,-627.664,232.0
2015,-283.729,608,-626.771,230.0
2016,-323.346,608,-625.351,230.0
2017,-363.566,608,-621.466,230.0
2018,-406.434,608,-618.394,230.0
2019,-453.492,608,-617.334,232.0
2020,296.469,613,-648.441,230.0
2021,256.357,613,-648.144,232.0
2022,216.78,613,-644.52,232.0
2023,179.638,613,-643.393,232.0
2024,143.432,613,-641.152,232.0
2025,108.791,613,-641.845,230.0
2026,38.283,613,-601.784,224.0
2027,7.192,613,-633.959,230.0
2028,-25.967,613,-635.47,230.0
2029,-59.265,613,-635.241,230.0
2030,-92.754,613,-634.254,230.0
2031,-126.74,613,-631.405,232.0
2032,-161.474,613,-631.688,230.0
2033,-196.577,613,-630.046,232.0
2034,-232.636,613,-628.315,232.0
2035,-269.832,613,-626.35,230.0
2036,-308.771,613,-624.876,232.0
2037,-348.762,613,-621.879,230.0
2038,-392.463,613,-621.448,230.0
2039,-437.614,613,-618.917,232.0
2040,-484.77,613,-614.888,224.0
2041,354.345,617,-649.646,232.0
2042,310.125,618,-647.57,230.0
2043,269.724,618,-648.115,232.0
2044,229.459,618,-644.364,230.0
2045,191.768,618,-643.013,232.0
2046,156.032,618,-644.378,230.0
2047,120.129,618,-640.838,230.0
2048,-15.153,618,-637.82,230.0
2049,-48.452,618,-636.158,230.0
2050,-81.875,618,-634.741,230.0
2051,-115.48,618,-633.562,232.0
2052,-149.282,618,-630.57,232.0
2053,-184.207,618,-629.606,232.0
2054,-220.093,618,-628.582,232.0
2055,-257.122,618,-627.353,230.0
2056,-295.891,618,-626.656,230.0
2057,-335.269,618,-623.586,232.0
2058,-376.15,618,-619.787,228.0
2059,-420.337,618,-617.516,232.0
2060,-468.302,618,-616.254,230.0
2061,325.304,623,-647.922,230.0
2062,283.756,623,-647.558,232.0
2063,243.861,623,-646.539,232.0
2064,205.169,623,-644.113,232.0
2065,168.422,623,-643.319,230.0
2066,132.531,623,-641.452,232.0
2067,97.753,623,-640.584,230.0
2068,-3.513,623,-637.99,230.0
2069,-36.81,623,-635.936,230.0
2070,-70.121,623,-634.135,230.0
2071,-103.639,623,-633.579,230.0
2072,-137.57,623,-632.205,232.0
2073,-171.899,623,-629.968,232.0
2074,-207.618,623,-629.654,230.0
2075,-244.124,623,-628.235,232.0
2076,-281.445,623,-625.607,230.0
2077,-320.972,623,-624.324,232.0
2078,-362.115,623,-622.312,230.0
2079,-404.99,623,-619.341,230.0
2080,-450.871,623,-616.775,232.0
2081,343.248,627,-649.928,230.0
2082,299.542,627,-647.027,230.0
2083,259.336,627,-646.957,230.0
2084,219.651,627,-643.547,232.0
2085,182.687,627,-643.573,232.0
2086,146.551,627,-642.498,232.0
2087,111.376,627,-641.402,232.0
2088,9.431,627,-630.93,228.0
2089,-23.769,627,-635.556,230.0
2090,-57.158,627,-635.434,232.0
2091,-90.318,628,-634.605,232.0
2092,-123.864,628,-631.976,232.0
2093,-158.353,628,-631.447,230.0
2094,-193.413,628,-629.978,232.0
2095,-229.43,628,-628.429,232.0
2096,-266.194,628,-625.732,230.0
2097,-305.045,628,-624.478,232.0
2098,-345.926,628,-623.461,230.0
2099,-388.569,628,-621.533,230.0
2100,-433.643,628,-619.265,230.0
2101,-481.349,628,-616.301,228.0
2102,358.822,632,-649.469,230.0
2103,315.659,632,-649.341,230.0
2104,273.514,632,-646.525,230.0
2105,234.251,632,-645.829,230.0
2106,196.404,632,-644.749,230.0
2107,159.32,632,-641.512,230.0
2108,124.069,632,-641.105,232.0
2109,89.439,632,-639.779,230.0
2110,-11.4,632,-636.898,230.0
2111,-44.657,632,-635.433,230.0
2112,-78.107,633,-635.216,230.0
2113,-111.686,633,-633.226,230.0
2114,-145.718,633,-631.403,230.0
2115,-180.688,633,-630.625,232.0
2116,-216.293,633,-628.842,230.0
2117,-252.946,633,-626.893,232.0
2118,-290.817,633,-624.617,234.0
2119,-331.471,633,-624.481,232.0
2120,-372.88,633,-621.76,230.0
2121,-417.118,633,-619.695,232.0
2122,-463.325,633,-616.256,230.0
2123,333.084,637,-649.581,230.0
2124,290.122,637,-646.924,230.0
2125,250.175,637,-646.267,232.0
2126,211.416,637,-644.195,232.0
2127,174.353,637,-642.773,232.0
2128,138.657,637,-642.202,232.0
2129,103.502,637,-639.681,232.0
2130,69.315,637,-638.247,230.0
2131,2.365,637,-636.996,230.0
2132,-30.847,637,-635.252,230.0
2133,-63.698,637,-634.812,230.0
2134,-97.321,637,-634.581,230.0
2135,-131.091,637,-632.559,232.0
2136,-165.42,637,-630.666,230.0
2137,-200.816,637,-629.757,232.0
2138,-236.56,637,-626.849,232.0
2139,-274.545,637,-626.483,232.0
2140,-313.569,637,-624.721,230.0
2141,-355.116,637,-624.033,230.0
2142,-396.34,637,-618.983,230.0
2143,-443.221,637,-618.608,230.0
2144,309.528,641,-647.855,228.0
2145,267.957,641,-645.601,230.0
2146,228.825,641,-644.589,232.0
2147,191.4,641,-644.166,232.0
2148,154.889,641,-642.597,230.0
2149,119.438,641,-640.967,232.0
2150,84.98,641,-640.386,232.0
2151,50.594,641,-633.984,232.0
2152,17.385,641,-635.762,230.0
2153,-15.872,641,-635.802,208.0
2154,-49.092,642,-635.106,230.0
2155,-82.48,642,-634.663,230.0
2156,-115.953,642,-632.459,232.0
2157,-149.883,642,-630.428,232.0
2158,-184.757,642,-629.445,230.0
2159,-220.591,642,-628.407,232.0
2160,-257.57,642,-627.17,230.0
2161,-296.288,642,-626.468,232.0
2162,-335.615,642,-623.399,230.0
2163,-378.003,642,-622.172,230.0
2164,-420.582,642,-617.349,230.0
2165,-468.498,642,-616.106,232.0
2166,329.496,647,-649.166,224.0
2167,287.025,647,-647.21,232.0
2168,247.466,647,-647.31,230.0
2169,208.695,647,-645.082,230.0
2170,171.36,647,-642.542,232.0
2171,135.698,647,-641.812,232.0
2172,100.74,647,-640.121,232.0
2173,66.54,647,-638.542,232.0
2174,-0.444,647,-636.0,230.0
2175,-33.618,647,-635.111,230.0
2176,-66.901,647,-634.483,230.0
2177,-100.521,647,-634.082,230.0
2178,-134.281,647,-631.89,232.0
2179,-168.6,647,-629.824,230.0
2180,-203.991,647,-628.736,232.0
2181,-240.077,647,-626.581,232.0
2182,-277.702,647,-625.09,230.0
2183,-317.17,647,-624.022,230.0
2184,-358.26,647,-622.233,230.0
2185,-402.176,647,-621.172,230.0
2186,-447.51,647,-617.984,230.0
2187,347.222,652,-647.813,226.0
2188,305.243,652,-648.78,228.0
2189,263.753,652,-646.249,230.0
2190,224.369,652,-644.036,230.0
2191,187.067,652,-643.355,232.0
2192,150.915,652,-642.514,232.0
2193,115.546,652,-640.664,232.0
2194,81.165,652,-639.873,230.0
2195,47.331,652,-639.25,232.0
2196,13.807,652,-637.851,230.0
2197,-19.422,652,-635.703,230.0
2198,-52.608,652,-634.824,230.0
2199,-86.023,652,-634.192,232.0
2200,-119.7,652,-632.778,230.0
2201,-154.172,652,-632.481,230.0
2202,-188.646,652,-629.334,232.0
2203,-225.227,652,-629.947,232.0
2204,-261.988,652,-627.505,232.0
2205,-299.961,652,-624.718,230.0
2206,-339.778,652,-622.28,230.0
2207,-382.232,652,-620.757,230.0
2208,-427.127,652,-618.924,230.0
2209,-473.975,652,-615.692,232.0
2210,366.392,657,-648.677,226.0
2211,322.077,657,-647.298,224.0
2212,280.135,657,-645.864,228.0
2213,240.298,657,-644.671,230.0
2214,201.972,657,-643.027,230.0
2215,165.487,657,-643.047,230.0
2216,129.761,657,-642.018,232.0
2217,94.749,657,-640.025,230.0
2218,60.59,657,-639.134,230.0
2219,26.828,657,-637.436,230.0
2220,-6.438,657,-635.967,230.0
2221,-39.572,657,-634.768,230.0
2222,-73.055,657,-635.817,232.0
2223,-106.423,657,-633.118,230.0
2224,-140.357,657,-631.592,232.0
2225,-175.221,657,-631.128,230.0
2226,-210.096,657,-627.777,232.0
2227,-246.922,657,-627.141,232.0
2228,-285.071,657,-626.162,232.0
2229,-324.694,657,-624.652,230.0
2230,-364.916,657,-620.674,230.0
2231,-408.889,657,-619.172,230.0
2232,-455.746,657,-618.158,230.0
2233,341.769,661,-648.447,226.0
2234,298.946,661,-647.302,228.0
2235,258.689,661,-647.216,232.0
2236,218.957,661,-643.784,230.0
2237,181.941,661,-643.784,232.0
2238,145.313,661,-640.729,230.0
2239,110.532,661,-641.548,230.0
2240,75.948,661,-639.506,234.0
2241,42.015,661,-637.617,232.0
2242,8.56,662,-636.942,230.0
2243,-24.724,662,-637.521,230.0
2244,-57.864,662,-634.366,230.0
2245,-91.313,662,-633.452,230.0
2246,-125.211,662,-632.73,230.0
2247,-159.525,662,-631.152,230.0
2248,-194.602,662,-629.612,232.0
2249,-230.636,662,-627.987,232.0
2250,-268.201,662,-627.05,232.0
2251,-306.282,662,-623.872,230.0
2252,-347.182,662,-622.763,230.0
2253,-390.372,662,-621.583,230.0
2254,-435.171,662,-619.415,232.0
2255,-482.249,662,-615.597,228.0
2256,318.171,666,-648.114,222.0
2257,276.76,666,-647.317,228.0
2258,236.667,666,-644.948,224.0
2259,198.481,666,-643.066,230.0
2260,161.64,666,-640.932,230.0
2261,126.154,666,-639.679,232.0
2262,91.814,666,-640.452,232.0
2263,57.74,666,-639.398,230.0
2264,23.267,666,-637.576,230.0
2265,-9.99,666,-635.922,230.0
2266,-43.147,666,-634.535,232.0
2267,-76.666,666,-635.391,230.0
2268,-110.047,666,-632.498,230.0
2269,-144.225,666,-631.746,230.0
2270,-178.893,666,-630.097,232.0
2271,-214.746,666,-629.372,230.0
2272,-251.001,666,-626.597,232.0
2273,-288.801,666,-624.45,232.0
2274,-328.445,666,-622.688,232.0
2275,-370.207,666,-621.028,230.0
2276,-414.332,667,-619.156,232.0
2277,-460.395,667,-615.952,230.0
2278,380.774,671,-648.471,232.0
2279,336.223,671,-647.961,224.0
2280,294.036,671,-647.352,230.0
2281,252.487,671,-643.219,232.0
2282,214.408,671,-643.205,230.0
2283,177.298,671,-641.967,230.0
2284,141.344,671,-640.592,232.0
2285,106.681,671,-641.186,232.0
2286,72.12,671,-637.936,230.0
2287,38.068,671,-638.867,230.0
2288,4.7,671,-636.983,230.0
2289,-28.458,671,-635.363,230.0
2290,-61.724,671,-635.007,230.0
2291,-95.327,671,-634.883,230.0
2292,-129.083,671,-632.972,230.0
2293,-163.147,671,-630.225,232.0
2294,-198.476,671,-629.45,230.0
2295,-234.509,671,-627.619,232.0
2296,-272.077,671,-626.469,230.0
2297,-311.04,671,-624.867,232.0
2298,-351.54,671,-622.611,230.0
2299,-394.374,671,-620.237,230.0
2300,-439.477,671,-617.595,230.0
2301,355.685,676,-648.913,220.0
2302,311.737,676,-646.795,228.0
2303,231.043,676,-643.797,224.0
2304,193.051,676,-641.585,232.0
2305,157.121,676,-642.055,230.0
2306,121.675,676,-640.546,230.0
2307,87.225,676,-640.084,232.0
2308,53.386,676,-639.776,232.0
2309,19.756,676,-636.694,230.0
2310,-13.491,676,-635.857,230.0
2311,-46.743,676,-635.283,230.0
2312,-79.973,676,-632.968,230.0
2313,-113.618,676,-631.866,230.0
2314,-147.821,676,-630.914,232.0
2315,-182.788,676,-630.019,232.0
2316,-218.387,676,-628.118,232.0
2317,-255.788,676,-627.899,230.0
2318,-294.172,676,-626.36,232.0
2319,-334.021,676,-624.255,230.0
2320,-375.028,676,-620.467,230.0
2321,-419.19,676,-618.295,230.0
2322,-467.128,676,-617.145,230.0
2323,375.804,681,-649.054,228.0
2324,331.338,681,-648.227,230.0
2325,288.831,681,-646.406,218.0
2326,210.434,681,-644.516,230.0
2327,173.062,681,-642.086,230.0
2328,137.158,681,-640.479,230.0
2329,102.375,681,-639.862,232.0
2330,68.11,681,-638.377,230.0
2331,34.492,681,-637.067,230.0
2332,1.201,681,-635.999,228.0
2333,-31.986,681,-635.195,232.0
2334,-65.29,681,-634.651,230.0
2335,-98.932,681,-634.332,232.0
2336,-132.716,681,-632.22,232.0
2337,-167.061,681,-630.234,230.0
2338,-202.474,681,-629.226,230.0
2339,-238.585,681,-627.151,232.0
2340,-276.233,681,-625.74,232.0
2341,-315.272,681,-623.862,232.0
2342,-356.827,681,-623.056,230.0
2343,-399.082,681,-619.599,230.0
2344,-446.008,681,-619.068,230.0
2345,350.494,685,-648.323,232.0
2346,307.588,685,-647.672,226.0
2347,227.07,685,-644.149,222.0
2348,189.454,685,-642.656,228.0
2349,153.32,685,-641.945,202.0
2350,117.965,685,-640.223,230.0
2351,83.52,686,-639.57,232.0
2352,49.674,686,-639.072,230.0
2353,16.084,686,-635.797,230.0
2354,-17.163,686,-635.768,230.0
2355,-50.442,686,-635.0,230.0
2356,-83.95,686,-634.47,230.0
2357,-117.539,686,-632.166,232.0
2358,-151.816,686,-630.993,232.0
2359,-186.858,686,-629.868,230.0
2360,-222.525,686,-627.725,232.0
2361,-259.618,686,-626.324,230.0
2362,-298.453,686,-625.44,232.0
2363,-337.979,686,-623.258,232.0
2364,-380.428,686,-621.865,230.0
2365,-424.752,686,-619.344,232.0
2366,-472.244,686,-617.02,232.0
2367,325.366,690,-647.891,232.0
2368,282.593,690,-644.792,228.0
2369,204.562,690,-642.208,226.0
2370,168.149,690,-642.357,214.0
2371,132.49,690,-641.46,226.0
2372,98.201,691,-639.504,230.0
2373,64.189,691,-638.783,232.0
2374,30.57,691,-637.267,230.0
2375,-2.725,691,-635.994,232.0
2376,-35.916,691,-634.985,230.0
2377,-69.226,691,-634.233,232.0
2378,-102.875,691,-633.704,232.0
2379,-136.868,691,-632.358,230.0
2380,-171.26,691,-630.142,232.0
2381,-206.726,691,-628.895,232.0
2382,-243.605,691,-628.437,230.0
2383,-281.808,691,-627.637,232.0
2384,-320.447,691,-624.594,230.0
2385,-361.582,691,-622.622,230.0
2386,-404.45,691,-619.694,232.0
2387,-450.912,691,-617.984,232.0
2388,302.884,695,-645.469,230.0
2389,223.715,695,-644.264,230.0
2390,186.135,695,-642.584,230.0
2391,150.035,695,-641.693,224.0
2392,115.394,695,-640.691,232.0
2393,80.938,695,-638.894,230.0
2394,47.207,695,-638.257,232.0
2395,13.785,695,-636.851,230.0
2396,-19.422,695,-635.703,230.0
2397,-52.555,695,-633.825,230.0
2398,-85.949,695,-633.193,232.0
2399,-119.604,695,-631.778,230.0
2400,-154.055,695,-631.48,232.0
2401,-188.796,695,-629.289,230.0
2402,-225.07,695,-628.942,230.0
2403,-262.197,695,-627.417,232.0
2404,-300.09,696,-624.656,232.0
2405,-339.886,696,-622.22,232.0
2406,-382.845,696,-621.554,230.0
2407,-427.195,696,-618.877,232.0
2408,-475.933,696,-617.971,232.0
2409,290.226,697,-645.781,230.0
2410,212.213,697,-643.933,232.0
2411,175.028,697,-641.553,228.0
2412,139.636,697,-640.966,232.0
2413,105.014,697,-639.434,232.0
2414,71.148,697,-638.045,232.0
2415,37.827,697,-636.878,230.0
2416,4.834,697,-635.982,230.0
2417,-28.054,697,-635.381,230.0
2418,-61.059,697,-635.072,232.0
2419,-94.253,697,-634.033,232.0
2420,-127.898,697,-633.213,232.0
2421,-161.707,697,-630.596,230.0
2422,-196.777,697,-629.983,230.0
2423,-232.557,697,-628.345,230.0
2424,-269.72,697,-627.487,230.0
2425,-307.958,697,-625.277,232.0
2426,-348.134,697,-623.377,230.0
2427,-390.51,697,-621.496,232.0
2428,-435.893,697,-620.13,230.0
2429,-482.141,697,-615.682,212.0
